1 0.5054 0.3293 0.2768 0.0000 1.0000 2 4.500
2 0.4179 0.3566 0.3179 0.0000 1.0000 1 4.000
3 0.5705 0.3253 0.2723 0.0000 1.0000 2 4.500
4 0.7866 0.2765 0.3580 0.0000 1.0000 0 4.125
5 0.5188 0.3430 0.2920 0.0000 1.0000 1 3.500
6 0.4821 0.3764 0.3286 0.0000 1.0000 2 2.750
7 0.7875 0.2638 0.3482 0.0000 1.0000 0 4.250
8 0.7875 0.2516 0.3375 0.2500 1.0000 0 4.500
9 0.1071 0.2158 0.4214 0.0000 1.0000 0 4.500
10 0.1554 0.2668 0.4089 0.0000 1.0000 0 3.250
11 0.6518 0.3214 0.3018 0.0000 1.0000 0 3.750
12 0.0964 0.1832 0.4179 0.0000 1.0000 1 4.375
13 0.6232 0.3413 0.3089 0.0000 1.0000 1 3.500
14 0.6000 0.3311 0.2857 0.0000 1.0000 1 4.625
15 0.5134 0.3585 0.3027 0.0000 1.0000 2 3.500
16 0.3804 0.3465 0.3125 0.0000 1.0000 0 3.000
17 0.6179 0.3360 0.3000 0.0000 1.0000 0 3.625
18 0.2161 0.2961 0.3804 0.0000 1.0000 2 4.000
19 0.1946 0.2740 0.3732 0.0000 1.0000 0 4.125
20 0.5946 0.3413 0.3018 0.0000 1.0000 0 3.500
21 0.4411 0.3581 0.3089 0.0000 1.0000 0 3.625
22 0.4268 0.3678 0.3232 0.0000 1.0000 2 3.875
23 0.8268 0.2603 0.3804 0.0000 1.0000 0 3.250
24 0.5348 0.3520 0.2991 0.0000 1.0000 1 3.750
25 0.2321 0.2797 0.3464 0.0000 1.0000 0 4.000
26 0.6884 0.3405 0.3438 0.0000 1.0000 1 4.125
27 0.5036 0.3647 0.3107 0.0000 1.0000 1 4.375
28 0.6223 0.3031 0.2634 0.0000 1.0000 0 4.250
29 0.5830 0.3658 0.3277 0.0000 1.0000 0 3.000
30 0.2839 0.3006 0.3232 0.0000 1.0000 2 4.375
31 0.4429 0.3652 0.3250 0.0000 1.0000 3 3.000
32 0.2607 0.3045 0.3464 0.0000 1.0000 0 3.000
33 0.7027 0.3185 0.3312 0.0000 1.0000 0 4.000
34 0.9134 0.1709 0.4241 0.0000 1.0000 0 3.625
35 0.7089 0.3213 0.3304 0.0000 1.0000 0 3.625
36 0.8580 0.2227 0.3866 0.0000 1.0000 0 4.625
37 0.7420 0.3191 0.3598 0.0000 1.0000 0 4.125
38 0.5679 0.3694 0.3250 0.0000 1.0000 2 4.000
39 0.6036 0.3091 0.2786 0.0000 1.0000 2 4.125
40 0.3750 0.3440 0.3143 0.0000 1.0000 2 3.625
41 0.7929 0.2552 0.3429 0.0000 1.0000 0 3.750
42 0.7214 0.3092 0.3357 0.0000 1.0000 0 4.625
43 0.7268 0.2972 0.3268 0.0000 1.0000 2 3.625
44 0.7375 0.2856 0.3196 0.0000 1.0000 0 4.750
45 0.6018 0.3309 0.2875 0.0000 1.0000 0 3.500
46 0.2036 0.2860 0.3750 0.0000 1.0000 1 4.000
47 0.9080 0.1951 0.4330 0.0000 1.0000 0 3.625
48 0.8143 0.2745 0.3821 0.0000 1.0000 0 4.250
49 0.8063 0.2780 0.3777 0.0000 1.0000 1 3.875
50 0.8125 0.2607 0.3661 0.0000 1.0000 1 4.000
51 0.3571 0.3474 0.3321 0.0000 1.0000 0 4.750
52 0.5804 0.3291 0.2768 0.0000 1.0000 0 4.125
53 0.5714 0.3614 0.3286 0.0000 1.0000 1 4.500
54 0.6411 0.3462 0.3196 0.0000 1.0000 2 3.500
55 0.8125 0.2555 0.3625 0.0000 1.0000 0 3.875
56 0.3098 0.3531 0.3616 0.0000 1.0000 1 3.375
57 0.4804 0.3460 0.2875 0.0000 1.0000 2 3.000
58 0.9054 0.1829 0.4232 0.0000 1.0000 0 3.750
59 0.7536 0.2881 0.3321 0.0000 1.0000 0 4.250
60 0.7304 0.2723 0.3125 0.0000 1.0000 2 3.750
61 0.3446 0.3516 0.3375 0.0000 1.0000 2 2.750
62 0.7732 0.2569 0.3232 0.0000 1.0000 0 3.875
63 0.3429 0.3359 0.3179 0.0000 1.0000 2 3.250
64 0.3607 0.3475 0.3214 0.0000 1.0000 2 3.500
65 0.8000 0.2539 0.3429 0.0000 1.0000 0 3.875
66 0.2321 0.3057 0.3679 0.0000 1.0000 1 4.250
67 0.6232 0.3478 0.3161 0.0000 1.0000 1 3.875
68 0.6643 0.3270 0.3143 0.0000 1.0000 0 4.625
69 0.4500 0.3303 0.2750 0.0000 1.0000 2 4.875
70 0.7500 0.2947 0.3393 0.0000 1.0000 0 4.625
71 0.3696 0.3377 0.3143 0.0000 1.0000 5 4.000
72 0.7464 0.2988 0.3393 0.0000 1.0000 0 3.875
73 0.0875 0.2047 0.4446 0.0000 1.0000 0 3.000
74 0.2679 0.3336 0.3679 0.0000 1.0000 0 4.500
75 0.8839 0.2079 0.4054 0.0000 1.0000 0 3.750
76 0.1714 0.2589 0.3750 0.0000 1.0000 0 3.375
77 0.4589 0.3480 0.2911 0.0000 1.0000 3 4.375
78 0.8125 0.2675 0.3768 0.0000 1.0000 0 4.125
79 0.8857 0.2100 0.4143 0.0000 1.0000 0 4.375
80 0.5107 0.3593 0.3036 0.0000 1.0000 0 4.125
81 0.6643 0.3215 0.3071 0.0000 1.0000 1 4.250
82 0.8429 0.2340 0.3786 0.0000 1.0000 0 4.125
83 0.4643 0.3618 0.3179 0.0000 1.0000 3 3.250
84 0.4295 0.3530 0.3080 0.0000 1.0000 2 3.125
85 0.6232 0.3465 0.3161 0.0000 1.0000 1 3.500
86 0.4143 0.3507 0.3179 0.0000 1.0000 1 3.625
87 0.6179 0.3386 0.3036 0.0000 1.0000 1 3.875
88 0.6348 0.3488 0.3205 0.0000 1.0000 0 3.500
89 0.7643 0.2831 0.3393 0.0000 1.0000 2 3.750
90 0.1411 0.2504 0.4125 0.0000 1.0000 0 3.625
91 0.5232 0.3445 0.2911 0.0000 1.0000 0 4.250
92 0.4321 0.3633 0.3143 0.0000 1.0000 5 4.000
93 0.6286 0.3266 0.2964 0.0000 1.0000 2 3.875
94 0.3634 0.3675 0.3402 0.0000 1.0000 0 4.125
95 0.3250 0.3350 0.3321 0.0000 1.0000 1 3.625
96 0.2143 0.2982 0.3750 0.0000 1.0000 0 4.250
97 0.5045 0.3709 0.3259 0.0000 1.0000 2 3.625
98 0.2946 0.3208 0.3304 0.0000 1.0000 6 4.625
99 0.7589 0.2964 0.3518 0.0000 1.0000 8 3.250
100 0.4938 0.3655 0.3170 0.0000 1.0000 0 3.875
101 0.7143 0.3099 0.3321 0.0000 1.0000 0 4.375
102 0.0759 0.1870 0.4455 0.0000 1.0000 0 3.625
103 0.4054 0.3491 0.3161 0.0000 1.0000 1 3.625
104 0.2946 0.3194 0.3339 0.0000 1.0000 0 3.375
105 0.6714 0.3274 0.3179 0.0000 1.0000 0 4.000
106 0.6429 0.3192 0.2964 0.0000 1.0000 1 4.750
107 0.8589 0.2260 0.3911 0.0000 1.0000 0 4.250
108 0.6375 0.3167 0.2839 0.0000 1.0000 1 4.750
109 0.4313 0.3540 0.3134 0.0000 1.0000 2 3.500
110 0.6438 0.3380 0.3170 0.0000 1.0000 0 3.875
111 0.5286 0.3355 0.2750 0.0000 1.0000 2 3.625
112 0.7393 0.2986 0.3357 0.0000 1.0000 0 5.125
113 0.6375 0.3037 0.2732 0.0000 1.0000 1 3.750
114 0.5500 0.3367 0.2857 0.0000 1.0000 0 3.375
115 0.9509 0.1550 0.4670 0.2500 1.0000 0 3.125
116 0.5625 0.3302 0.2732 0.0000 1.0000 4 3.625
117 0.4643 0.3703 0.3250 0.0000 1.0000 0 3.500
118 0.7366 0.3075 0.3420 0.0000 1.0000 0 4.375
119 0.8625 0.2378 0.4089 0.0000 1.0000 0 3.375
120 0.5875 0.3353 0.2946 0.0000 1.0000 2 4.000
121 0.2866 0.3206 0.3402 0.0000 1.0000 2 3.500
122 0.7250 0.3081 0.3321 0.0000 1.0000 0 4.375
123 0.7402 0.2920 0.3295 0.0000 1.0000 1 3.750
124 0.4964 0.3573 0.3036 0.0000 1.0000 6 3.750
125 0.5902 0.3567 0.3205 0.0000 1.0000 1 3.500
126 0.2464 0.3218 0.3714 0.0000 1.0000 2 4.125
127 0.8232 0.2362 0.3625 0.0000 1.0000 0 3.500
128 0.4964 0.3535 0.3071 0.0000 1.0000 0 3.625
129 0.5161 0.3686 0.3125 0.0000 1.0000 0 4.250
130 0.7732 0.2817 0.3482 0.0000 1.0000 0 4.750
131 0.6161 0.3346 0.2982 0.0000 1.0000 0 3.500
132 0.6018 0.3432 0.3018 0.0000 1.0000 0 4.125
133 0.7250 0.2963 0.3250 0.0000 1.0000 0 4.125
134 0.4161 0.3667 0.3196 0.0000 1.0000 0 3.750
135 0.4875 0.3424 0.2911 0.0000 1.0000 0 3.875
136 0.4821 0.3389 0.2893 0.0000 1.0000 2 4.750
137 0.8000 0.2591 0.3429 0.0000 1.0000 0 3.625
138 0.8830 0.1978 0.4009 0.0000 1.0000 0 4.250
139 0.6571 0.3209 0.3036 0.0000 1.0000 0 4.125
140 0.6571 0.3038 0.2786 0.0000 1.0000 2 3.750
141 0.6768 0.3225 0.3161 0.0000 1.0000 0 3.750
142 0.3089 0.3480 0.3518 0.0000 1.0000 2 3.625
143 0.8411 0.2450 0.3804 0.0000 1.0000 0 4.250
144 0.1661 0.2699 0.3982 0.0000 1.0000 0 3.875
145 0.2875 0.3075 0.3232 0.0000 1.0000 0 4.375
146 0.9107 0.1718 0.4214 0.2500 1.0000 0 4.250
147 0.7179 0.3103 0.3321 0.0000 1.0000 1 4.000
148 0.3321 0.3541 0.3500 0.0000 1.0000 0 3.000
149 0.7009 0.3299 0.3438 0.0000 1.0000 0 3.875
150 0.5750 0.3245 0.2679 0.0000 1.0000 4 4.500
151 0.2554 0.3126 0.3625 0.0000 1.0000 5 3.875
152 0.7536 0.3130 0.3571 0.0000 1.0000 0 3.750
153 0.9446 0.1404 0.4518 0.2500 1.0000 0 3.000
154 0.7134 0.3034 0.3223 0.0000 1.0000 2 4.125
155 0.6188 0.3621 0.3295 0.0000 1.0000 0 3.000
156 0.6321 0.3197 0.2964 0.0000 1.0000 0 3.875
157 0.4268 0.3592 0.3125 0.0000 1.0000 2 3.250
158 0.1054 0.2197 0.4304 0.0000 1.0000 0 4.625
159 0.8661 0.2204 0.3946 0.0000 1.0000 0 4.250
160 0.3429 0.3450 0.3321 0.0000 1.0000 2 3.750
161 0.8839 0.1899 0.4018 0.2500 1.0000 0 3.750
162 0.9187 0.1860 0.4402 0.2500 1.0000 0 3.250
163 0.7491 0.2891 0.3295 0.0000 1.0000 1 4.375
164 0.1482 0.2620 0.4125 0.0000 1.0000 1 2.875
165 0.6661 0.3254 0.3161 0.0000 1.0000 3 4.625
166 0.7339 0.3079 0.3339 0.0000 1.0000 0 4.750
167 0.5089 0.3477 0.2911 0.0000 1.0000 2 4.375
168 0.7420 0.2867 0.3277 0.0000 1.0000 0 3.875
169 0.8607 0.2433 0.4000 0.0000 1.0000 0 3.250
170 0.4241 0.3310 0.2830 0.0000 1.0000 6 4.000
171 0.4955 0.3643 0.3205 0.0000 1.0000 0 4.000
172 0.6625 0.3002 0.2839 0.0000 1.0000 0 3.375
173 0.0866 0.1907 0.4366 0.0000 1.0000 0 3.375
174 0.4804 0.3673 0.3196 0.0000 1.0000 2 4.000
175 0.7000 0.2790 0.2929 0.0000 1.0000 2 4.250
176 0.6536 0.3114 0.2964 0.0000 1.0000 0 4.625
177 0.8196 0.2572 0.3768 0.0000 1.0000 1 4.000
178 0.6893 0.3216 0.3250 0.0000 1.0000 0 4.375
179 0.3375 0.3245 0.3161 0.0000 1.0000 1 4.000
180 0.8848 0.2010 0.4062 0.0000 1.0000 0 3.375
181 0.5107 0.3609 0.3107 0.0000 1.0000 3 4.375
182 0.5768 0.3483 0.3089 0.0000 1.0000 1 3.000
183 0.7125 0.3090 0.3304 0.0000 1.0000 0 3.750
184 0.3982 0.3743 0.3411 0.0000 1.0000 2 3.750
185 0.7250 0.2871 0.3107 0.0000 1.0000 0 4.375
186 0.9732 0.0881 0.4732 0.5000 1.0000 0 4.500
187 0.4661 0.3462 0.2875 0.0000 1.0000 2 3.625
188 0.3937 0.3604 0.3366 0.0000 1.0000 1 3.625
189 0.4643 0.3618 0.3143 0.0000 1.0000 5 3.125
190 0.9196 0.1441 0.4232 0.2500 1.0000 0 3.500
191 0.1920 0.2678 0.3705 0.0000 1.0000 5 3.375
192 0.2393 0.3089 0.3607 0.0000 1.0000 0 4.125
193 0.1214 0.2285 0.4179 0.0000 1.0000 0 3.750
194 0.4268 0.3666 0.3196 0.0000 1.0000 2 4.500
195 0.0911 0.1918 0.4232 0.0000 1.0000 0 3.500
196 0.7196 0.3025 0.3196 0.0000 1.0000 0 3.375
197 0.4393 0.3670 0.3286 0.0000 1.0000 1 4.125
198 0.3991 0.3442 0.3080 0.0000 1.0000 6 3.625
199 0.8830 0.1920 0.3991 0.2500 1.0000 0 3.500
200 0.8071 0.2695 0.3750 0.0000 1.0000 0 3.375
201 0.4813 0.3687 0.3205 0.0000 1.0000 2 4.250
202 0.4929 0.3276 0.2714 0.0000 1.0000 2 3.000
203 0.7188 0.3177 0.3402 0.0000 1.0000 2 4.875
204 0.6143 0.3196 0.2821 0.0000 1.0000 0 3.750
205 0.5232 0.3572 0.3054 0.0000 1.0000 4 3.875
206 0.5214 0.3604 0.3036 0.0000 1.0000 1 2.875
207 0.5991 0.3261 0.2812 0.0000 1.0000 0 3.875
208 0.9232 0.1765 0.4411 0.0000 1.0000 0 3.500
209 0.6607 0.3342 0.3179 0.0000 1.0000 0 4.375
210 0.3571 0.3525 0.3393 0.0000 1.0000 2 3.875
211 0.6357 0.3451 0.3214 0.0000 1.0000 0 4.500
212 0.8964 0.2026 0.4250 0.0000 1.0000 0 3.500
213 0.5804 0.3304 0.2839 0.0000 1.0000 2 4.375
214 0.6125 0.3385 0.3054 0.0000 1.0000 1 3.750
215 0.3312 0.3430 0.3312 0.0000 1.0000 2 3.625
216 0.7571 0.2786 0.3357 0.0000 1.0000 0 3.375
217 0.6732 0.3104 0.3018 0.0000 1.0000 0 4.000
218 0.8607 0.2181 0.3929 0.0000 1.0000 0 4.250
219 0.6821 0.3117 0.3071 0.0000 1.0000 3 3.750
220 0.6036 0.3472 0.3036 0.0000 1.0000 0 4.000
221 0.7125 0.3161 0.3339 0.0000 1.0000 1 3.750
222 0.3482 0.3442 0.3268 0.0000 1.0000 0 4.875
223 0.2973 0.3220 0.3384 0.0000 1.0000 5 4.000
224 0.6661 0.3027 0.2946 0.0000 1.0000 0 4.625
225 0.8821 0.1900 0.3964 0.0000 1.0000 0 3.750
226 0.2643 0.3201 0.3607 0.0000 1.0000 2 3.875
227 0.5830 0.3359 0.2955 0.0000 1.0000 1 3.750
228 0.3205 0.3543 0.3580 0.0000 1.0000 5 3.250
229 0.8179 0.2585 0.3714 0.0000 1.0000 2 4.250
230 0.8268 0.2351 0.3661 0.2500 1.0000 0 3.625
231 0.5732 0.3641 0.3232 0.0000 1.0000 0 3.250
232 0.8464 0.2104 0.3679 0.0000 1.0000 0 4.000
233 0.7098 0.3153 0.3312 0.0000 1.0000 1 3.875
234 0.4500 0.3423 0.2893 0.0000 1.0000 0 4.250
235 0.6321 0.3516 0.3286 0.0000 1.0000 0 3.750
236 0.7482 0.2995 0.3411 0.0000 1.0000 0 4.250
237 0.7821 0.2312 0.3179 0.2500 1.0000 0 4.125
238 0.4250 0.3717 0.3357 0.0000 1.0000 0 4.500
239 0.5036 0.3354 0.2929 0.0000 1.0000 3 4.750
240 0.2071 0.3017 0.3893 0.0000 1.0000 0 3.625
241 0.9286 0.1561 0.4357 0.2500 1.0000 0 3.125
242 0.6777 0.3284 0.3205 0.0000 1.0000 0 4.000
243 0.6464 0.3232 0.3071 0.0000 1.0000 1 4.250
244 0.5491 0.3591 0.3116 0.0000 1.0000 2 3.000
245 0.7893 0.2627 0.3429 0.0000 1.0000 0 4.125
246 0.7589 0.2578 0.3125 0.0000 1.0000 0 3.250
247 0.0857 0.1977 0.4429 0.0000 1.0000 1 3.000
248 0.4482 0.3592 0.3161 0.0000 1.0000 2 3.375
249 0.2089 0.3128 0.3946 0.0000 1.0000 2 4.000
250 0.6402 0.3342 0.3063 0.0000 1.0000 0 3.750
251 0.4107 0.3355 0.2964 0.0000 1.0000 2 4.250
252 0.2839 0.3478 0.3714 0.0000 1.0000 6 3.500
253 0.4946 0.3554 0.3018 0.0000 1.0000 2 3.500
254 0.6518 0.3310 0.3196 0.0000 1.0000 0 4.750
255 0.3768 0.3334 0.3089 0.0000 1.0000 2 3.125
256 0.8071 0.2524 0.3536 0.0000 1.0000 2 3.125
257 0.6464 0.3354 0.3214 0.0000 1.0000 0 3.875
258 0.7714 0.2664 0.3357 0.0000 1.0000 0 4.125
259 0.5393 0.3589 0.3071 0.0000 1.0000 2 4.125
260 0.5866 0.3283 0.2830 0.0000 1.0000 1 3.625
261 0.4768 0.3419 0.2875 0.0000 1.0000 1 4.125
262 0.5518 0.3253 0.2732 0.0000 1.0000 2 3.000
263 0.8250 0.2366 0.3643 0.0000 1.0000 1 3.500
264 0.5437 0.3510 0.2955 0.0000 1.0000 0 4.625
265 0.3000 0.3108 0.3107 0.0000 1.0000 6 3.250
266 0.1071 0.2095 0.4214 0.0000 1.0000 0 4.625
267 0.4964 0.3635 0.3143 0.0000 1.0000 0 3.875
268 0.4875 0.3590 0.3089 0.0000 1.0000 3 4.250
269 0.5304 0.3626 0.3143 0.0000 1.0000 4 3.875
270 0.2321 0.3100 0.3679 0.0000 1.0000 5 3.250
271 0.8357 0.2719 0.4000 0.0000 1.0000 1 3.125
272 0.3795 0.3278 0.2920 0.0000 1.0000 2 2.875
273 0.6411 0.2961 0.2661 0.0000 1.0000 2 3.375
274 0.2259 0.2834 0.3491 0.0000 1.0000 1 4.250
275 0.4393 0.3402 0.2911 0.0000 1.0000 10 3.375
276 0.7688 0.2830 0.3402 0.0000 1.0000 0 3.125
277 0.5107 0.3272 0.2643 0.0000 1.0000 1 3.250
278 0.6589 0.3383 0.3232 0.0000 1.0000 0 2.375
279 0.5857 0.3284 0.2786 0.0000 1.0000 0 3.375
280 0.5268 0.3594 0.3089 0.0000 1.0000 0 3.500
281 0.5830 0.3373 0.2973 0.0000 1.0000 1 4.750
282 0.4143 0.3592 0.3161 0.0000 1.0000 1 3.875
283 0.5589 0.3336 0.2875 0.0000 1.0000 0 3.375
284 0.6143 0.3359 0.3036 0.0000 1.0000 0 3.375
285 0.5884 0.3627 0.3241 0.0000 1.0000 0 3.750
286 0.4893 0.3646 0.3143 0.0000 1.0000 0 4.125
287 0.5393 0.3358 0.2857 0.0000 1.0000 2 4.375
288 0.3821 0.3604 0.3250 0.0000 1.0000 1 4.625
289 0.4080 0.3612 0.3170 0.0000 1.0000 2 3.875
290 0.1661 0.2699 0.4018 0.0000 1.0000 2 4.500
291 0.6464 0.3354 0.3143 0.0000 1.0000 0 4.125
292 0.8518 0.2407 0.3946 0.0000 1.0000 0 3.875
293 0.8527 0.2292 0.3884 0.0000 1.0000 0 4.500
294 0.3438 0.3411 0.3259 0.0000 1.0000 5 3.125
295 0.8429 0.2645 0.4000 0.0000 1.0000 0 3.875
296 0.4518 0.3522 0.3018 0.0000 1.0000 2 4.375
297 0.3679 0.3333 0.3036 0.0000 1.0000 2 4.375
298 0.4839 0.3601 0.2946 0.0000 1.0000 2 3.750
299 0.7232 0.2998 0.3196 0.0000 1.0000 2 4.125
300 0.6438 0.3225 0.2920 0.0000 1.0000 1 3.250
301 0.8107 0.2498 0.3536 0.0000 1.0000 0 3.875
302 0.4571 0.3683 0.3250 0.0000 1.0000 0 3.125
303 0.5911 0.3513 0.3089 0.0000 1.0000 2 3.875
304 0.8643 0.2100 0.3857 0.0000 1.0000 0 3.625
305 0.9080 0.1870 0.4205 0.2500 1.0000 0 4.375
306 0.6107 0.3277 0.2929 0.0000 1.0000 0 4.250
307 0.5982 0.3242 0.2875 0.0000 1.0000 2 4.000
308 0.9214 0.1666 0.4321 0.2500 1.0000 0 2.875
309 0.7446 0.2795 0.3268 0.0000 1.0000 0 4.000
310 0.5268 0.3544 0.3054 0.0000 1.0000 0 4.125
311 0.4634 0.3454 0.2973 0.0000 1.0000 2 4.625
312 0.6893 0.2986 0.2964 0.0000 1.0000 0 3.625
313 0.5696 0.3328 0.2839 0.0000 1.0000 2 3.375
314 0.0964 0.1856 0.4179 0.0000 1.0000 0 3.625
315 0.5179 0.3618 0.3071 0.0000 1.0000 2 3.750
316 0.6545 0.3412 0.3223 0.0000 1.0000 0 4.125
317 0.6196 0.3413 0.3018 0.0000 1.0000 1 3.750
318 0.7054 0.3123 0.3232 0.0000 1.0000 0 4.125
319 0.7991 0.2671 0.3545 0.0000 1.0000 0 3.875
320 0.5625 0.3473 0.3054 0.0000 1.0000 2 3.500
321 0.5527 0.3598 0.3063 0.0000 1.0000 0 4.375
322 0.3964 0.3720 0.3393 0.0000 1.0000 2 3.625
323 0.8625 0.2301 0.4018 0.0000 1.0000 0 4.250
324 0.5161 0.3817 0.3375 0.0000 1.0000 2 3.500
325 0.5839 0.3691 0.3268 0.0000 1.0000 1 3.375
326 0.8339 0.2439 0.3768 0.0000 1.0000 0 3.750
327 0.6464 0.3407 0.3250 0.0000 1.0000 0 3.625
328 0.5804 0.3263 0.2804 0.0000 1.0000 0 3.375
329 0.7518 0.2664 0.3125 0.0000 1.0000 1 3.750
330 0.4518 0.3646 0.3125 0.0000 1.0000 4 3.875
331 0.4027 0.3517 0.3152 0.0000 1.0000 0 4.875
332 0.7107 0.3037 0.3214 0.0000 1.0000 1 3.125
333 0.5911 0.3662 0.3339 0.0000 1.0000 1 2.875
334 0.7643 0.2955 0.3571 0.0000 1.0000 1 5.375
335 0.3982 0.3597 0.3339 0.0000 1.0000 1 4.000
336 0.5420 0.3569 0.3009 0.0000 1.0000 0 4.500
337 0.6196 0.3334 0.3018 0.0000 1.0000 0 3.500
338 0.6438 0.3246 0.3063 0.0000 1.0000 0 3.625
339 0.6982 0.3344 0.3393 0.0000 1.0000 2 4.000
340 0.4920 0.3501 0.2973 0.0000 1.0000 1 4.250
341 0.8071 0.2797 0.3732 0.0000 1.0000 0 4.250
342 0.1054 0.2316 0.4375 0.0000 1.0000 0 3.375
343 0.4839 0.3500 0.2982 0.0000 1.0000 1 3.000
344 0.3446 0.3797 0.3732 0.0000 1.0000 2 3.500
345 0.2679 0.3309 0.3643 0.0000 1.0000 2 3.250
346 0.8554 0.1961 0.3732 0.2500 1.0000 0 3.500
347 0.5607 0.3312 0.2750 0.0000 1.0000 0 3.625
348 0.7893 0.2759 0.3607 0.0000 1.0000 0 3.875
349 0.6589 0.3137 0.3018 0.0000 1.0000 0 4.750
350 0.8643 0.2302 0.4036 0.0000 1.0000 0 3.500
351 0.9518 0.1550 0.4696 0.0000 1.0000 0 3.250
352 0.7500 0.2771 0.3321 0.0000 1.0000 1 4.000
353 0.4411 0.3531 0.2982 0.0000 1.0000 1 3.250
354 0.1661 0.2716 0.3946 0.0000 1.0000 0 4.375
355 0.8482 0.2366 0.3875 0.0000 1.0000 1 4.125
356 0.8554 0.2483 0.3982 0.0000 1.0000 0 3.500
357 0.1321 0.2342 0.4036 0.0000 1.0000 2 4.375
358 0.6920 0.3285 0.3366 0.0000 1.0000 0 2.875
359 0.4196 0.3437 0.2982 0.0000 1.0000 3 3.375
360 0.8196 0.2257 0.3482 0.0000 1.0000 0 4.125
361 0.5750 0.3416 0.2929 0.0000 1.0000 3 3.625
362 0.6232 0.3307 0.3018 0.0000 1.0000 1 3.875
363 0.3161 0.3667 0.3732 0.0000 1.0000 1 4.000
364 0.6000 0.3492 0.3125 0.0000 1.0000 2 3.625
365 0.8143 0.2416 0.3571 0.0000 1.0000 0 4.375
366 0.4911 0.3640 0.3232 0.0000 1.0000 2 4.500
367 0.3286 0.3315 0.3250 0.0000 1.0000 6 2.875
368 0.7696 0.2867 0.3482 0.0000 1.0000 0 3.500
369 0.8143 0.2453 0.3571 0.0000 1.0000 1 4.000
370 0.2313 0.3173 0.3830 0.0000 1.0000 4 3.750
371 0.8313 0.2557 0.3848 0.0000 1.0000 2 3.750
372 0.4875 0.3577 0.2982 0.0000 1.0000 0 4.250
373 0.8929 0.1940 0.4071 0.0000 1.0000 0 4.000
374 0.4982 0.3439 0.2911 0.0000 1.0000 2 4.375
375 0.5045 0.3612 0.3152 0.0000 1.0000 2 4.000
376 0.8857 0.2121 0.4107 0.2500 1.0000 0 3.750
377 0.5982 0.3582 0.3268 0.0000 1.0000 0 4.500
378 0.7018 0.3031 0.3161 0.0000 1.0000 0 2.875
379 0.0286 0.1121 0.4750 0.0000 0.7500 0 3.500
380 0.5866 0.3607 0.3187 0.0000 1.0000 1 4.000
381 0.3857 0.3438 0.3107 0.0000 1.0000 2 3.875
382 0.7321 0.3042 0.3321 0.0000 1.0000 1 4.500
383 0.5527 0.3573 0.3063 0.0000 1.0000 1 3.375
384 0.2750 0.3345 0.3607 0.0000 1.0000 2 4.875
385 0.9009 0.1869 0.4116 0.0000 1.0000 0 3.250
386 0.1464 0.2535 0.4036 0.0000 1.0000 0 4.000
387 0.5348 0.3533 0.3009 0.0000 1.0000 2 3.125
388 0.8696 0.2245 0.4054 0.0000 1.0000 0 4.625
389 0.5259 0.3483 0.2938 0.0000 1.0000 2 4.000
390 0.7071 0.3104 0.3250 0.0000 1.0000 0 4.625
391 0.9036 0.1950 0.4250 0.2500 1.0000 0 3.500
392 0.4839 0.3006 0.2411 0.0000 1.0000 2 4.375
393 0.8054 0.2820 0.3732 0.0000 1.0000 0 4.625
394 0.7652 0.2761 0.3330 0.0000 1.0000 0 4.375
395 0.7821 0.2941 0.3714 0.0000 1.0000 0 4.000
396 0.1875 0.3005 0.4054 0.0000 1.0000 2 3.125
397 0.6804 0.3063 0.3018 0.0000 1.0000 0 3.750
398 0.7643 0.2735 0.3321 0.0000 1.0000 0 4.250
399 0.2616 0.3211 0.3580 0.0000 1.0000 2 4.000
400 0.4089 0.3674 0.3304 0.0000 1.0000 2 3.500
401 0.2839 0.3235 0.3446 0.0000 1.0000 2 4.500
402 0.8804 0.2059 0.4089 0.0000 1.0000 0 4.875
403 0.3696 0.3579 0.3304 0.0000 1.0000 2 3.750
404 0.7536 0.2927 0.3500 0.0000 1.0000 0 3.000
405 0.5277 0.3397 0.2830 0.0000 1.0000 0 3.750
406 0.5679 0.3621 0.3179 0.0000 1.0000 3 3.750
407 0.5857 0.3311 0.2929 0.0000 1.0000 2 4.125
408 0.6116 0.3363 0.2991 0.0000 1.0000 2 3.000
409 0.8571 0.2219 0.3893 0.0000 1.0000 0 3.250
410 0.5152 0.3778 0.3295 0.0000 1.0000 0 4.000
411 0.4982 0.3702 0.3196 0.0000 1.0000 0 4.500
412 0.9179 0.1924 0.4429 0.0000 1.0000 0 3.375
413 0.5777 0.3565 0.3152 0.0000 1.0000 1 4.750
414 0.6143 0.3386 0.3071 0.0000 1.0000 1 4.375
415 0.4125 0.3366 0.2911 0.0000 1.0000 6 3.000
416 0.7571 0.2721 0.3250 0.0000 1.0000 2 4.750
417 0.1839 0.2732 0.3804 0.0000 1.0000 0 4.500
418 0.3125 0.3524 0.3625 0.0000 1.0000 1 3.375
419 0.4339 0.3581 0.3125 0.0000 1.0000 2 3.625
420 0.2946 0.3318 0.3446 0.0000 1.0000 2 4.000
421 0.8607 0.2396 0.4000 0.0000 1.0000 0 4.250
422 0.3143 0.3590 0.3643 0.0000 1.0000 2 4.000
423 0.5205 0.3619 0.3045 0.0000 1.0000 0 3.875
424 0.1625 0.2700 0.3982 0.0000 1.0000 0 3.125
425 0.5304 0.3503 0.2982 0.0000 1.0000 2 3.625
426 0.7125 0.3017 0.3232 0.0000 1.0000 1 3.500
427 0.8054 0.2640 0.3625 0.0000 1.0000 0 4.500
428 0.5348 0.3570 0.3152 0.0000 1.0000 2 3.750
429 0.6911 0.3056 0.3125 0.0000 1.0000 0 3.875
430 0.2714 0.2977 0.3304 0.0000 1.0000 1 3.250
431 0.6000 0.3271 0.2821 0.0000 1.0000 0 4.500
432 0.7286 0.2874 0.3143 0.0000 1.0000 0 5.625
433 0.9339 0.1598 0.4446 0.2500 1.0000 0 4.125
434 0.5179 0.3606 0.3107 0.0000 1.0000 2 3.750
435 0.4393 0.3431 0.3000 0.0000 1.0000 7 4.250
436 0.5250 0.3450 0.2929 0.0000 1.0000 0 2.625
437 0.5464 0.3530 0.3036 0.0000 1.0000 0 4.125
438 0.4929 0.3563 0.3036 0.0000 1.0000 0 3.500
439 0.5589 0.3362 0.2804 0.0000 1.0000 5 3.875
440 0.8946 0.1744 0.4018 0.0000 1.0000 0 4.375
441 0.6482 0.3392 0.3161 0.0000 1.0000 0 3.625
442 0.8429 0.2559 0.4036 0.0000 1.0000 1 3.875
443 0.5580 0.3392 0.2812 0.0000 1.0000 0 4.250
444 0.6321 0.3293 0.3071 0.0000 1.0000 0 4.625
445 0.2839 0.3151 0.3411 0.0000 1.0000 0 3.500
446 0.6464 0.3076 0.2857 0.0000 1.0000 1 4.375
447 0.4018 0.3544 0.3161 0.0000 1.0000 2 3.875
448 0.3607 0.3526 0.3321 0.0000 1.0000 4 4.875
449 0.2750 0.3110 0.3393 0.0000 1.0000 2 3.750
450 0.6250 0.3413 0.3107 0.0000 1.0000 1 3.500
451 0.9036 0.1832 0.4214 0.0000 1.0000 0 4.625
452 0.6804 0.3205 0.3125 0.0000 1.0000 1 3.625
453 0.9339 0.1541 0.4411 0.2500 1.0000 0 4.375
454 0.7679 0.2876 0.3536 0.0000 1.0000 1 3.625
455 0.5777 0.3790 0.3438 0.0000 1.0000 0 3.375
456 0.5161 0.3383 0.2839 0.0000 1.0000 1 3.875
457 0.7741 0.2803 0.3491 0.0000 1.0000 0 4.250
458 0.7036 0.2891 0.3000 0.0000 1.0000 1 3.875
459 0.2429 0.3076 0.3643 0.0000 1.0000 2 5.000
460 0.8821 0.2143 0.4071 0.0000 1.0000 0 3.875
461 0.2643 0.3243 0.3536 0.0000 1.0000 1 3.625
462 0.6125 0.3345 0.2982 0.0000 1.0000 3 4.375
463 0.5098 0.3433 0.2902 0.0000 1.0000 0 4.250
464 0.6268 0.3307 0.3089 0.0000 1.0000 2 4.000
465 0.3161 0.3268 0.3304 0.0000 1.0000 1 3.625
466 0.7857 0.2732 0.3429 0.0000 1.0000 0 4.875
467 0.6982 0.3155 0.3196 0.0000 1.0000 0 3.250
468 0.7723 0.2715 0.3402 0.0000 1.0000 2 4.375
469 0.5982 0.3403 0.2946 0.0000 1.0000 0 4.500
470 0.6634 0.3324 0.3223 0.0000 1.0000 1 3.500
471 0.6071 0.3448 0.3036 0.0000 1.0000 0 4.125
472 0.1625 0.2370 0.3732 0.0000 1.0000 0 3.125
473 0.6089 0.3123 0.2804 0.0000 1.0000 2 3.125
474 0.7830 0.2543 0.3348 0.0000 1.0000 0 3.250
475 0.5598 0.3329 0.2884 0.0000 1.0000 1 2.875
476 0.6937 0.2937 0.2938 0.0000 1.0000 0 3.250
477 0.2107 0.3152 0.3929 0.0000 1.0000 0 2.875
478 0.7982 0.2498 0.3518 0.0000 1.0000 0 4.375
479 0.5813 0.3675 0.3223 0.0000 1.0000 0 4.125
480 0.5857 0.3404 0.2964 0.0000 1.0000 0 4.000
481 0.4446 0.3261 0.2625 0.0000 1.0000 2 4.000
482 0.7482 0.2981 0.3446 0.0000 1.0000 0 4.000
483 0.8339 0.2307 0.3696 0.0000 1.0000 0 4.125
484 0.5179 0.3752 0.3286 0.0000 1.0000 1 3.875
485 0.6232 0.3197 0.2946 0.0000 1.0000 0 4.000
486 0.6786 0.3277 0.3286 0.0000 1.0000 2 3.875
487 0.6384 0.3480 0.3295 0.0000 1.0000 0 4.000
488 0.2786 0.3160 0.3464 0.0000 1.0000 3 4.625
489 0.5161 0.3513 0.2982 0.0000 1.0000 2 4.000
490 0.5893 0.3611 0.3179 0.0000 1.0000 2 3.625
491 0.7562 0.2929 0.3455 0.0000 1.0000 1 3.250
492 0.6304 0.3426 0.3089 0.0000 1.0000 0 4.250
493 0.5857 0.3324 0.2821 0.0000 1.0000 2 3.375
494 0.5964 0.3479 0.3107 0.0000 1.0000 2 3.875
495 0.5321 0.3609 0.3107 0.0000 1.0000 1 3.250
496 0.6045 0.3528 0.3205 0.0000 1.0000 0 4.500
497 0.6491 0.3214 0.2973 0.0000 1.0000 2 3.500
498 0.6089 0.3487 0.3161 0.0000 1.0000 1 3.875
499 0.6071 0.3591 0.3214 0.0000 1.0000 0 3.250
500 0.6500 0.3338 0.3143 0.0000 1.0000 0 4.000
501 0.8982 0.1980 0.4196 0.0000 1.0000 0 4.125
502 0.7518 0.2966 0.3446 0.0000 1.0000 1 3.500
503 0.5839 0.3349 0.2911 0.0000 1.0000 1 2.875
504 0.7232 0.3172 0.3411 0.0000 1.0000 0 4.125
505 0.7348 0.3103 0.3402 0.0000 1.0000 1 3.500
506 0.7509 0.2781 0.3223 0.0000 1.0000 0 4.125
507 0.5571 0.3515 0.3036 0.0000 1.0000 0 4.625
508 0.7321 0.2813 0.3143 0.0000 1.0000 0 3.750
509 0.5089 0.3628 0.3054 0.0000 1.0000 1 3.500
510 0.6768 0.3371 0.3304 0.0000 1.0000 0 4.125
511 0.6241 0.3578 0.3348 0.0000 1.0000 0 3.500
512 0.2884 0.3176 0.3330 0.0000 1.0000 2 3.125
513 0.6214 0.3413 0.3107 0.0000 1.0000 0 3.625
514 0.3018 0.3321 0.3411 0.0000 1.0000 1 4.375
515 0.3821 0.3455 0.3161 0.0000 1.0000 1 2.875
516 0.3464 0.3264 0.3161 0.0000 1.0000 3 3.000
517 0.6616 0.3278 0.3170 0.0000 1.0000 2 3.500
518 0.2348 0.3153 0.3705 0.0000 1.0000 1 4.500
519 0.4732 0.3704 0.3232 0.0000 1.0000 2 3.875
520 0.5902 0.3334 0.2884 0.0000 1.0000 0 4.500
521 0.6107 0.3614 0.3357 0.0000 1.0000 0 4.375
522 0.4875 0.3639 0.3089 0.0000 1.0000 0 2.750
523 0.8429 0.2162 0.3679 0.2500 1.0000 2 3.750
524 0.4286 0.3651 0.3250 0.0000 1.0000 4 3.875
525 0.4214 0.3587 0.3179 0.0000 1.0000 2 3.750
526 0.7875 0.2569 0.3446 0.0000 1.0000 0 4.000
527 0.1696 0.2491 0.3839 0.0000 1.0000 0 3.125
528 0.2607 0.3379 0.3714 0.0000 1.0000 2 3.125
529 0.2607 0.3103 0.3500 0.0000 1.0000 2 3.500
530 0.7125 0.3002 0.3196 0.0000 1.0000 0 4.250
531 0.5759 0.3531 0.3134 0.0000 1.0000 1 3.625
532 0.5741 0.3659 0.3330 0.0000 1.0000 0 3.625
533 0.5982 0.3532 0.3232 0.0000 1.0000 1 3.875
534 0.2857 0.3198 0.3429 0.0000 1.0000 2 3.125
535 0.6696 0.3344 0.3339 0.0000 1.0000 1 4.875
536 0.3937 0.3696 0.3455 0.0000 1.0000 2 4.750
537 0.8393 0.2410 0.3821 0.0000 1.0000 0 3.375
538 0.3375 0.3458 0.3375 0.0000 1.0000 0 3.625
539 0.6750 0.3072 0.3036 0.0000 1.0000 0 4.250
540 0.4286 0.3527 0.3107 0.0000 1.0000 2 3.625
541 0.9036 0.1904 0.4250 0.0000 1.0000 0 3.625
542 0.7491 0.3042 0.3455 0.0000 1.0000 1 4.000
543 0.4161 0.3775 0.3446 0.0000 1.0000 0 3.000
544 0.8402 0.2381 0.3759 0.0000 1.0000 1 4.125
545 0.7268 0.2911 0.3232 0.0000 1.0000 2 3.875
546 0.4384 0.3609 0.3170 0.0000 1.0000 2 3.625
547 0.2375 0.3037 0.3589 0.0000 1.0000 2 3.875
548 0.5830 0.3683 0.3277 0.0000 1.0000 2 4.250
549 0.6205 0.3412 0.3098 0.0000 1.0000 1 3.875
550 0.8339 0.2511 0.3839 0.0000 1.0000 0 3.375
551 0.6920 0.3089 0.3134 0.0000 1.0000 0 3.125
552 0.7009 0.3104 0.3223 0.0000 1.0000 0 3.125
553 0.5375 0.3259 0.2768 0.0000 1.0000 2 4.125
554 0.8750 0.2081 0.3929 0.0000 1.0000 0 3.500
555 0.7509 0.2860 0.3384 0.0000 1.0000 0 4.250
556 0.2920 0.3356 0.3473 0.0000 1.0000 2 4.125
557 0.6455 0.3161 0.2938 0.0000 1.0000 1 3.875
558 0.6750 0.3214 0.3036 0.0000 1.0000 0 4.375
559 0.2554 0.2935 0.3339 0.0000 1.0000 5 4.500
560 0.2804 0.3266 0.3518 0.0000 1.0000 0 4.875
561 0.7625 0.2963 0.3518 0.0000 1.0000 1 3.375
562 0.6562 0.3022 0.2848 0.0000 1.0000 14 3.375
563 0.4696 0.3665 0.3125 0.0000 1.0000 2 4.125
564 0.6527 0.3387 0.3170 0.0000 1.0000 0 4.000
565 0.2045 0.2978 0.3830 0.0000 1.0000 2 3.250
566 0.5000 0.3377 0.2839 0.0000 1.0000 9 3.750
567 0.1893 0.2941 0.4000 0.0000 1.0000 5 4.125
568 0.6857 0.3359 0.3393 0.0000 1.0000 1 3.875
569 0.5098 0.3660 0.3134 0.0000 1.0000 1 3.000
570 0.7804 0.2730 0.3518 0.0000 1.0000 0 4.125
571 0.7821 0.2406 0.3179 0.0000 1.0000 0 4.375
572 0.5089 0.3438 0.2875 0.0000 1.0000 0 4.500
573 0.7741 0.2685 0.3455 0.0000 1.0000 0 3.625
574 0.4839 0.3625 0.3125 0.0000 1.0000 1 4.000
575 0.7196 0.2904 0.3161 0.0000 1.0000 0 3.875
576 0.8679 0.2143 0.3929 0.0000 1.0000 0 4.125
577 0.2571 0.3367 0.3750 0.0000 1.0000 2 4.125
578 0.4446 0.3521 0.3089 0.0000 1.0000 1 4.250
579 0.9357 0.1475 0.4429 0.2500 1.0000 0 3.625
580 0.7946 0.2575 0.3554 0.0000 1.0000 2 4.750
581 0.8804 0.2185 0.4054 0.0000 1.0000 0 3.500
582 0.5607 0.3366 0.2786 0.0000 1.0000 2 4.250
583 0.3268 0.3432 0.3411 0.0000 1.0000 5 3.875
584 0.3000 0.3474 0.3643 0.0000 1.0000 1 3.250
585 0.4393 0.3509 0.3071 0.0000 1.0000 2 4.125
586 0.5982 0.3186 0.2696 0.0000 1.0000 1 3.875
587 0.8054 0.2572 0.3625 0.2500 1.0000 0 3.625
588 0.9411 0.1626 0.4589 0.0000 1.0000 0 4.500
589 0.7804 0.2873 0.3661 0.0000 1.0000 1 3.625
590 0.6500 0.3378 0.3179 0.0000 1.0000 3 4.375
591 0.4732 0.3692 0.3268 0.0000 1.0000 2 3.250
592 0.5679 0.3645 0.3214 0.0000 1.0000 2 3.000
593 0.6821 0.3132 0.3071 0.0000 1.0000 0 4.000
594 0.5232 0.3695 0.3196 0.0000 1.0000 1 3.750
595 0.8179 0.2497 0.3679 0.0000 1.0000 0 4.625
596 0.5607 0.3470 0.2964 0.0000 1.0000 10 3.375
597 0.7964 0.2699 0.3536 0.0000 1.0000 0 3.750
598 0.5696 0.3473 0.2982 0.0000 1.0000 2 4.750
599 0.7768 0.2651 0.3375 0.0000 1.0000 1 4.000
600 0.8643 0.2183 0.4000 0.0000 1.0000 0 4.000
601 0.4500 0.3449 0.2893 0.0000 1.0000 2 4.500
602 0.6937 0.3142 0.3187 0.0000 1.0000 0 4.250
603 0.5768 0.3231 0.2768 0.0000 1.0000 2 3.875
604 0.3973 0.3338 0.3027 0.0000 1.0000 5 3.875
605 0.3071 0.3251 0.3286 0.0000 1.0000 0 3.000
606 0.5804 0.3795 0.3375 0.0000 1.0000 0 4.250
607 0.6830 0.3288 0.3295 0.0000 1.0000 0 3.500
608 0.6937 0.3078 0.3080 0.0000 1.0000 1 4.250
609 0.9429 0.1591 0.4536 0.0000 1.0000 0 3.875
610 0.2643 0.3297 0.3679 0.0000 1.0000 2 3.625
611 0.4241 0.3487 0.3116 0.0000 1.0000 2 3.500
612 0.3473 0.3478 0.3366 0.0000 1.0000 1 4.250
613 0.1964 0.2970 0.3964 0.0000 1.0000 0 3.875
614 0.2232 0.3002 0.3643 0.0000 1.0000 0 3.250
615 0.6554 0.3252 0.3125 0.0000 1.0000 2 3.375
616 0.7839 0.2626 0.3411 0.0000 1.0000 1 4.000
617 0.5821 0.3439 0.3036 0.0000 1.0000 1 4.375
618 0.1679 0.2663 0.3964 0.0000 1.0000 0 2.625
619 0.3571 0.3499 0.3286 0.0000 1.0000 0 3.500
620 0.5214 0.3465 0.2857 0.0000 1.0000 0 3.500
621 0.6786 0.3236 0.3143 0.0000 1.0000 0 3.625
622 0.7848 0.2743 0.3527 0.0000 1.0000 0 4.750
623 0.7446 0.3025 0.3446 0.0000 1.0000 0 3.500
624 0.4804 0.3587 0.3054 0.0000 1.0000 2 2.875
625 0.6107 0.3397 0.3000 0.0000 1.0000 0 3.625
626 0.4196 0.3368 0.2911 0.0000 1.0000 0 3.625
627 0.8143 0.2489 0.3571 0.0000 1.0000 2 4.125
628 0.2893 0.3222 0.3429 0.0000 1.0000 1 3.750
629 0.1768 0.2613 0.3804 0.0000 1.0000 4 4.125
630 0.4464 0.3620 0.3250 0.0000 1.0000 2 3.125
631 0.8089 0.2475 0.3518 0.0000 1.0000 0 4.000
632 0.2500 0.3105 0.3571 0.0000 1.0000 0 3.875
633 0.3036 0.3365 0.3464 0.0000 1.0000 6 3.750
634 0.4625 0.3572 0.3054 0.0000 1.0000 0 4.250
635 0.7089 0.3027 0.3089 0.0000 1.0000 0 3.500
636 0.6134 0.3310 0.2938 0.0000 1.0000 2 3.250
637 0.4911 0.3578 0.3018 0.0000 1.0000 2 4.625
638 0.8696 0.2343 0.4054 0.0000 1.0000 0 3.375
639 0.5089 0.3575 0.3071 0.0000 1.0000 2 3.750
640 0.6107 0.3488 0.3179 0.0000 1.0000 1 3.875
641 0.9518 0.1333 0.4589 0.2500 1.0000 0 4.500
642 0.3482 0.3481 0.3339 0.0000 1.0000 2 4.000
643 0.6509 0.3316 0.3152 0.0000 1.0000 2 3.375
644 0.6839 0.2937 0.2875 0.0000 1.0000 1 3.625
645 0.0982 0.2210 0.4375 0.0000 1.0000 0 3.250
646 0.5929 0.3372 0.3036 0.0000 1.0000 2 4.000
647 0.4036 0.3441 0.3000 0.0000 1.0000 0 4.125
648 0.7054 0.3051 0.3232 0.0000 1.0000 0 3.750
649 0.4893 0.3534 0.3036 0.0000 1.0000 6 3.250
650 0.5446 0.3539 0.3054 0.0000 1.0000 2 4.625
651 0.5062 0.3492 0.2938 0.0000 1.0000 1 3.250
652 0.4643 0.3348 0.2786 0.0000 1.0000 2 4.125
653 0.1607 0.2640 0.3964 0.0000 1.0000 2 4.875
654 0.4321 0.3730 0.3250 0.0000 1.0000 2 3.750
655 0.7875 0.2688 0.3446 0.0000 1.0000 0 3.625
656 0.3911 0.3563 0.3232 0.0000 1.0000 0 3.125
657 0.7375 0.3037 0.3375 0.0000 1.0000 1 3.750
658 0.6777 0.3243 0.3098 0.0000 1.0000 0 4.250
659 0.4089 0.3436 0.2982 0.0000 1.0000 1 3.125
660 0.5473 0.3649 0.3241 0.0000 1.0000 2 3.750
661 0.6625 0.3419 0.3268 0.0000 1.0000 0 3.625
662 0.5857 0.3545 0.3107 0.0000 1.0000 1 3.750
663 0.7464 0.2672 0.3143 0.0000 1.0000 1 3.750
664 0.8625 0.2120 0.3911 0.0000 1.0000 0 4.625
665 0.3446 0.3579 0.3446 0.0000 1.0000 1 3.500
666 0.0634 0.1720 0.4545 0.0000 1.0000 0 2.875
667 0.3661 0.3464 0.3196 0.0000 1.0000 1 4.500
668 0.3420 0.3448 0.3312 0.0000 1.0000 2 4.625
669 0.4045 0.3761 0.3402 0.0000 1.0000 0 5.375
670 0.8232 0.2437 0.3625 0.0000 1.0000 0 3.625
671 0.6393 0.3250 0.3000 0.0000 1.0000 1 4.000
672 0.2696 0.2929 0.3125 0.0000 1.0000 2 3.875
673 0.2875 0.3231 0.3446 0.0000 1.0000 0 2.750
674 0.6464 0.3367 0.3250 0.0000 1.0000 2 4.125
675 0.6964 0.2970 0.3000 0.0000 1.0000 1 4.250
676 0.3661 0.3665 0.3482 0.0000 1.0000 2 3.625
677 0.5536 0.3633 0.3107 0.0000 1.0000 2 4.250
678 0.7696 0.2913 0.3518 0.0000 1.0000 0 4.375
679 0.3982 0.3470 0.3089 0.0000 1.0000 0 4.500
680 0.5268 0.3752 0.3232 0.0000 1.0000 0 2.750
681 0.4732 0.3350 0.2839 0.0000 1.0000 2 3.875
682 0.3571 0.3409 0.3214 0.0000 1.0000 2 3.250
683 0.6946 0.3063 0.3161 0.0000 1.0000 0 3.750
684 0.5741 0.3592 0.3170 0.0000 1.0000 0 4.250
685 0.6804 0.3261 0.3161 0.0000 1.0000 0 4.375
686 0.3768 0.3307 0.3018 0.0000 1.0000 2 3.750
687 0.3750 0.3307 0.3036 0.0000 1.0000 1 3.875
688 0.4679 0.3325 0.2786 0.0000 1.0000 2 4.250
689 0.3821 0.3566 0.3286 0.0000 1.0000 6 3.375
690 0.2911 0.3128 0.3268 0.0000 1.0000 6 3.375
691 0.8036 0.2601 0.3571 0.0000 1.0000 0 3.500
692 0.3107 0.3457 0.3536 0.0000 1.0000 2 3.375
693 0.6000 0.3298 0.2857 0.0000 1.0000 2 4.750
694 0.9179 0.1853 0.4393 0.0000 1.0000 0 3.625
695 0.6411 0.3235 0.2982 0.0000 1.0000 0 4.750
696 0.7268 0.2880 0.3161 0.0000 1.0000 1 3.375
697 0.4393 0.3584 0.3107 0.0000 1.0000 1 4.250
698 0.9286 0.1503 0.4357 0.2500 1.0000 0 3.625
699 0.8223 0.2358 0.3545 0.0000 1.0000 0 4.250
700 0.3786 0.3613 0.3375 0.0000 1.0000 2 3.625
701 0.4482 0.3678 0.3232 0.0000 1.0000 6 4.000
702 0.6125 0.3577 0.3268 0.0000 1.0000 2 4.000
703 0.5446 0.3614 0.3054 0.0000 1.0000 0 4.500
704 0.5857 0.3391 0.2964 0.0000 1.0000 1 4.000
705 0.6429 0.3220 0.2893 0.0000 1.0000 2 4.500
706 0.9527 0.1306 0.4598 0.2500 1.0000 0 4.375
707 0.5339 0.3370 0.2839 0.0000 1.0000 2 3.250
708 0.6616 0.3182 0.3009 0.0000 1.0000 1 4.375
709 0.7643 0.2939 0.3536 0.0000 1.0000 0 3.750
710 0.4830 0.3602 0.3080 0.0000 1.0000 0 4.250
711 0.5804 0.3564 0.3125 0.0000 1.0000 0 3.250
712 0.4589 0.3715 0.3161 0.0000 1.0000 2 3.375
713 0.4857 0.3583 0.3071 0.0000 1.0000 0 5.250
714 0.4616 0.3548 0.3045 0.0000 1.0000 2 3.375
715 0.0813 0.1848 0.4348 0.0000 1.0000 0 3.625
716 0.8964 0.2113 0.4286 0.0000 1.0000 0 3.625
717 0.4911 0.3725 0.3232 0.0000 1.0000 4 3.250
718 0.7250 0.3052 0.3250 0.0000 1.0000 0 4.000
719 0.5768 0.3244 0.2804 0.0000 1.0000 0 4.125
720 0.9518 0.1228 0.4554 0.2500 1.0000 0 4.250
721 0.2625 0.3372 0.3768 0.0000 1.0000 1 3.000
722 0.5196 0.3524 0.3018 0.0000 1.0000 2 4.625
723 0.5857 0.3417 0.3071 0.0000 1.0000 2 4.125
724 0.6911 0.3042 0.3089 0.0000 1.0000 0 4.125
725 0.7955 0.2442 0.3384 0.0000 1.0000 0 4.250
726 0.6554 0.3155 0.3018 0.0000 1.0000 0 5.000
727 0.3000 0.3474 0.3607 0.0000 1.0000 0 3.750
728 0.3464 0.3530 0.3357 0.0000 1.0000 2 3.500
729 0.5214 0.3653 0.3107 0.0000 1.0000 2 4.250
730 0.0982 0.2148 0.4411 0.0000 1.0000 1 3.875
731 0.2446 0.3039 0.3554 0.0000 1.0000 1 4.875
732 0.5786 0.3537 0.3179 0.0000 1.0000 0 3.375
733 0.4562 0.3726 0.3330 0.0000 1.0000 2 3.250
734 0.2893 0.3371 0.3643 0.0000 1.0000 0 3.250
735 0.5652 0.3196 0.2598 0.0000 1.0000 0 4.000
736 0.8839 0.2014 0.4054 0.0000 1.0000 0 3.875
737 0.2652 0.3230 0.3563 0.0000 1.0000 2 3.500
738 0.3982 0.3392 0.2946 0.0000 1.0000 2 3.750
739 0.6652 0.2929 0.2741 0.0000 1.0000 0 3.500
740 0.9304 0.1526 0.4339 0.2500 1.0000 0 4.250
741 0.5348 0.3533 0.3063 0.0000 1.0000 2 4.625
742 0.6982 0.3025 0.3054 0.0000 1.0000 0 4.125
743 0.5884 0.3772 0.3473 0.0000 1.0000 0 3.875
744 0.3205 0.3401 0.3420 0.0000 1.0000 0 3.500
745 0.6036 0.3273 0.2893 0.0000 1.0000 0 4.875
746 0.4429 0.3411 0.2929 0.0000 1.0000 0 4.000
747 0.2964 0.3605 0.3786 0.0000 1.0000 4 3.750
748 0.8018 0.2613 0.3518 0.0000 1.0000 0 4.000
749 0.7036 0.3128 0.3250 0.0000 1.0000 1 4.250
750 0.5661 0.3606 0.3268 0.0000 1.0000 0 3.750
751 0.7339 0.3119 0.3482 0.0000 1.0000 1 3.875
752 0.4161 0.3630 0.3232 0.0000 1.0000 1 4.125
753 0.4214 0.3540 0.3071 0.0000 1.0000 2 3.625
754 0.6125 0.3450 0.3089 0.0000 1.0000 1 4.250
755 0.5420 0.3631 0.3241 0.0000 1.0000 2 3.625
756 0.6589 0.3249 0.3125 0.0000 1.0000 0 4.625
757 0.7339 0.2946 0.3268 0.0000 1.0000 0 4.125
758 0.8518 0.2153 0.3768 0.0000 1.0000 0 4.125
759 0.7268 0.2911 0.3196 0.0000 1.0000 0 3.500
760 0.5687 0.3559 0.3080 0.0000 1.0000 0 4.500
761 0.2482 0.3127 0.3661 0.0000 1.0000 0 3.375
762 0.9411 0.1598 0.4554 0.0000 1.0000 0 5.000
763 0.6679 0.3097 0.3036 0.0000 1.0000 1 3.875
764 0.6036 0.3472 0.3107 0.0000 1.0000 1 4.750
765 0.3000 0.3513 0.3607 0.0000 1.0000 0 4.500
766 0.8125 0.2658 0.3732 0.0000 1.0000 0 3.625
767 0.5911 0.3551 0.3125 0.0000 1.0000 0 4.000
768 0.7312 0.2791 0.3080 0.0000 1.0000 2 3.750
769 0.3714 0.3307 0.3000 0.0000 1.0000 0 3.750
770 0.3857 0.3540 0.3250 0.0000 1.0000 2 3.625
771 0.7232 0.2877 0.3161 0.0000 1.0000 2 3.500
772 0.8661 0.2342 0.4054 0.0000 1.0000 0 3.875
773 0.7536 0.2819 0.3321 0.0000 1.0000 1 4.250
774 0.3402 0.3423 0.3312 0.0000 1.0000 5 4.625
775 0.8518 0.2313 0.3946 0.0000 1.0000 0 4.000
776 0.5188 0.3638 0.3134 0.0000 1.0000 1 3.875
777 0.4714 0.3499 0.2893 0.0000 1.0000 2 4.000
778 0.5929 0.3345 0.2929 0.0000 1.0000 2 3.875
779 0.5946 0.3567 0.3196 0.0000 1.0000 4 4.750
780 0.4188 0.3324 0.2902 0.0000 1.0000 5 3.625
781 0.2821 0.3257 0.3500 0.0000 1.0000 2 3.750
782 0.5982 0.3728 0.3375 0.0000 1.0000 2 3.500
783 0.5223 0.3804 0.3330 0.0000 1.0000 2 3.250
784 0.6830 0.3085 0.3045 0.0000 1.0000 1 4.250
785 0.3982 0.3559 0.3161 0.0000 1.0000 1 2.875
786 0.4893 0.3470 0.2929 0.0000 1.0000 0 4.000
787 0.7714 0.2473 0.3143 0.0000 1.0000 5 3.625
788 0.9304 0.1638 0.4411 0.2500 1.0000 0 3.125
789 0.1786 0.2917 0.4000 0.0000 1.0000 2 4.250
790 0.8723 0.2283 0.4116 0.0000 1.0000 0 3.750
791 0.6357 0.3540 0.3321 0.0000 1.0000 2 4.750
792 0.1232 0.2647 0.4411 0.0000 1.0000 1 3.500
793 0.7893 0.2759 0.3571 0.0000 1.0000 0 4.125
794 0.5670 0.3395 0.2866 0.0000 1.0000 2 4.250
795 0.5929 0.3676 0.3393 0.0000 1.0000 0 3.500
796 0.4321 0.3431 0.2964 0.0000 1.0000 2 3.875
797 0.5393 0.3501 0.3000 0.0000 1.0000 2 4.750
798 0.2375 0.3139 0.3768 0.0000 1.0000 2 3.750
799 0.7455 0.3227 0.3670 0.0000 1.0000 1 3.250
800 0.0500 0.1587 0.4643 0.0000 1.0000 0 3.750
801 0.4857 0.3338 0.2821 0.0000 1.0000 2 3.500
802 0.7625 0.2824 0.3268 0.0000 1.0000 1 4.375
803 0.8018 0.2730 0.3625 0.0000 1.0000 0 3.500
804 0.4652 0.3601 0.3116 0.0000 1.0000 1 4.000
805 0.5955 0.3483 0.3080 0.0000 1.0000 8 3.250
806 0.5786 0.3411 0.2964 0.0000 1.0000 0 4.250
807 0.5973 0.3453 0.3080 0.0000 1.0000 4 3.500
808 0.4643 0.3555 0.3036 0.0000 1.0000 1 4.500
809 0.1598 0.2723 0.4062 0.0000 1.0000 0 3.750
810 0.7304 0.2944 0.3304 0.0000 1.0000 0 3.875
811 0.5268 0.3506 0.2982 0.0000 1.0000 2 3.125
812 0.7125 0.2837 0.3018 0.0000 1.0000 1 4.000
813 0.4054 0.3426 0.3054 0.0000 1.0000 2 4.500
814 0.6554 0.3320 0.3125 0.0000 1.0000 1 3.500
815 0.4759 0.3529 0.3009 0.0000 1.0000 2 3.500
816 0.5384 0.3548 0.3027 0.0000 1.0000 4 3.875
817 0.6821 0.3174 0.3179 0.0000 1.0000 2 3.750
818 0.4393 0.3754 0.3286 0.0000 1.0000 2 4.750
819 0.5589 0.3467 0.2946 0.0000 1.0000 0 3.500
820 0.5170 0.3463 0.2902 0.0000 1.0000 2 3.250
821 0.2500 0.3300 0.3750 0.0000 1.0000 2 3.125
822 0.1857 0.2728 0.3821 0.0000 1.0000 2 3.875
823 0.6312 0.3244 0.2938 0.0000 1.0000 0 4.000
824 0.5643 0.3603 0.3143 0.0000 1.0000 1 3.375
825 0.8402 0.2363 0.3795 0.0000 1.0000 0 3.375
826 0.2982 0.3285 0.3446 0.0000 1.0000 5 4.375
827 0.3857 0.3386 0.3036 0.0000 1.0000 2 3.875
828 0.0857 0.1999 0.4429 0.0000 1.0000 0 3.500
829 0.3937 0.3380 0.3027 0.0000 1.0000 4 4.250
830 0.5330 0.3628 0.3134 0.0000 1.0000 1 4.250
831 0.8679 0.2265 0.4036 0.0000 1.0000 0 3.375
832 0.5232 0.3483 0.2911 0.0000 1.0000 4 3.875
833 0.5482 0.3483 0.2946 0.0000 1.0000 1 3.625
834 0.6554 0.3426 0.3268 0.0000 1.0000 1 3.875
835 0.1170 0.2252 0.4188 0.0000 1.0000 0 4.375
836 0.6357 0.3305 0.3071 0.0000 1.0000 2 4.375
837 0.9607 0.1089 0.4607 0.5000 1.0000 0 3.750
838 0.6696 0.3291 0.3268 0.0000 1.0000 1 4.000
839 0.9232 0.1714 0.4375 0.0000 1.0000 0 4.375
840 0.9339 0.1482 0.4411 0.2500 1.0000 0 3.250
841 0.7750 0.2776 0.3500 0.0000 1.0000 0 3.875
842 0.6848 0.3230 0.3187 0.0000 1.0000 0 4.375
843 0.8839 0.2014 0.4018 0.2500 1.0000 0 3.250
844 0.3563 0.3420 0.3223 0.0000 1.0000 2 4.000
845 0.3143 0.3438 0.3429 0.0000 1.0000 2 3.625
846 0.7536 0.2866 0.3286 0.0000 1.0000 1 3.875
847 0.6804 0.3177 0.3089 0.0000 1.0000 0 4.750
848 0.7268 0.3016 0.3375 0.0000 1.0000 0 3.875
849 0.4589 0.3518 0.2982 0.0000 1.0000 2 3.250
850 0.4839 0.3500 0.2946 0.0000 1.0000 2 4.375
851 0.1920 0.2687 0.3741 0.0000 1.0000 0 4.000
852 0.8464 0.2187 0.3714 0.0000 1.0000 0 3.875
853 0.5464 0.3581 0.3071 0.0000 1.0000 0 4.500
854 0.6446 0.3395 0.3125 0.0000 1.0000 2 4.125
855 0.9232 0.1790 0.4375 0.0000 1.0000 0 5.125
856 0.6634 0.3310 0.3134 0.0000 1.0000 1 3.750
857 0.5161 0.3723 0.3196 0.0000 1.0000 2 4.000
858 0.6732 0.3406 0.3268 0.0000 1.0000 0 3.500
859 0.3071 0.3251 0.3357 0.0000 1.0000 3 3.875
860 0.8438 0.2291 0.3759 0.0000 1.0000 0 4.125
861 0.2446 0.2995 0.3482 0.0000 1.0000 0 3.500
862 0.6625 0.3104 0.3054 0.0000 1.0000 2 4.000
863 0.4116 0.3425 0.3009 0.0000 1.0000 5 3.375
864 0.6339 0.3412 0.3161 0.0000 1.0000 1 4.000
865 0.6000 0.3482 0.3143 0.0000 1.0000 0 3.875
866 0.4098 0.3573 0.3152 0.0000 1.0000 3 3.250
867 0.4839 0.3410 0.2839 0.0000 1.0000 2 3.500
868 0.3518 0.3406 0.3304 0.0000 1.0000 1 3.625
869 0.7821 0.2461 0.3214 0.0000 1.0000 3 4.500
870 0.7063 0.3054 0.3205 0.0000 1.0000 0 4.000
871 0.6366 0.3317 0.3080 0.0000 1.0000 2 3.250
872 0.4973 0.3655 0.3116 0.0000 1.0000 0 3.375
873 0.6143 0.3210 0.2857 0.0000 1.0000 0 4.500
874 0.4393 0.3457 0.2929 0.0000 1.0000 8 3.750
875 0.7321 0.2813 0.3071 0.0000 1.0000 0 3.500
876 0.8821 0.1779 0.3857 0.2500 1.0000 1 3.500
877 0.3946 0.3511 0.3161 0.0000 1.0000 0 3.875
878 0.7036 0.3012 0.3036 0.0000 1.0000 1 4.250
879 0.6446 0.3408 0.3196 0.0000 1.0000 0 3.875
880 0.8411 0.2450 0.3839 0.0000 1.0000 0 3.625
881 0.7071 0.2770 0.2893 0.0000 1.0000 0 3.375
882 0.9250 0.1515 0.4321 0.2500 1.0000 0 3.000
883 0.5384 0.3380 0.2812 0.0000 1.0000 0 3.750
884 0.8643 0.2121 0.3893 0.0000 1.0000 0 3.875
885 0.8821 0.2058 0.4071 0.0000 1.0000 0 3.375
886 0.4607 0.3318 0.2786 0.0000 1.0000 2 3.625
887 0.5946 0.3214 0.2768 0.0000 1.0000 0 4.125
888 0.6518 0.3452 0.3250 0.0000 1.0000 0 4.625
889 0.6929 0.3264 0.3250 0.0000 1.0000 0 4.500
890 0.4259 0.3360 0.2920 0.0000 1.0000 2 3.750
891 0.8071 0.2506 0.3464 0.0000 1.0000 1 4.250
892 0.4759 0.3567 0.3080 0.0000 1.0000 0 4.500
893 0.6723 0.3209 0.3045 0.0000 1.0000 0 3.875
894 0.5554 0.3498 0.2982 0.0000 1.0000 1 4.500
895 0.7188 0.3070 0.3259 0.0000 1.0000 1 4.250
896 0.1964 0.2784 0.3750 0.0000 1.0000 1 3.500
897 0.5232 0.3432 0.2839 0.0000 1.0000 1 3.875
898 0.5429 0.3484 0.2964 0.0000 1.0000 0 4.000
899 0.6393 0.3318 0.3000 0.0000 1.0000 1 4.375
900 0.5920 0.3363 0.2920 0.0000 1.0000 0 4.625
901 0.6250 0.3542 0.3357 0.0000 1.0000 2 3.750
902 0.8643 0.2162 0.3929 0.0000 1.0000 0 4.375
903 0.2786 0.3261 0.3607 0.0000 1.0000 2 3.500
904 0.4098 0.3567 0.3205 0.0000 1.0000 2 3.750
905 0.4464 0.3365 0.2821 0.0000 1.0000 2 3.625
906 0.4321 0.3534 0.3143 0.0000 1.0000 3 4.250
907 0.7125 0.3046 0.3196 0.0000 1.0000 0 3.625
908 0.4214 0.3499 0.3143 0.0000 1.0000 2 3.500
909 0.6375 0.3372 0.3196 0.0000 1.0000 0 2.750
910 0.0911 0.2053 0.4411 0.0000 1.0000 0 3.750
911 0.2946 0.3344 0.3446 0.0000 1.0000 2 4.625
912 0.5375 0.3659 0.3196 0.0000 1.0000 1 4.500
913 0.6911 0.3114 0.3125 0.0000 1.0000 0 3.500
914 0.2429 0.3090 0.3607 0.0000 1.0000 0 4.375
915 0.2830 0.3386 0.3634 0.0000 1.0000 2 4.000
916 0.6304 0.3155 0.2911 0.0000 1.0000 2 4.250
917 0.7679 0.2716 0.3357 0.0000 1.0000 1 3.250
918 0.7071 0.3046 0.3286 0.0000 1.0000 0 3.375
919 0.6250 0.3413 0.3143 0.0000 1.0000 0 3.750
920 0.7214 0.3063 0.3321 0.0000 1.0000 0 4.250
921 0.5857 0.3520 0.3071 0.0000 1.0000 0 4.250
922 0.5661 0.3415 0.2982 0.0000 1.0000 2 4.500
923 0.8848 0.1848 0.3955 0.2500 1.0000 0 4.125
924 0.8143 0.2341 0.3429 0.0000 1.0000 0 4.000
925 0.2973 0.3505 0.3634 0.0000 1.0000 2 2.750
926 0.7616 0.2787 0.3384 0.0000 1.0000 0 3.750
927 0.9071 0.1874 0.4214 0.0000 1.0000 0 3.500
928 0.3143 0.3640 0.3750 0.0000 1.0000 2 3.625
929 0.5750 0.3455 0.3036 0.0000 1.0000 2 4.000
930 0.2705 0.3302 0.3616 0.0000 1.0000 0 3.375
931 0.5179 0.3309 0.2679 0.0000 1.0000 0 4.750
932 0.7241 0.2926 0.3187 0.0000 1.0000 0 4.875
933 0.9134 0.1601 0.4170 0.2500 1.0000 0 3.500
934 0.5188 0.3545 0.3063 0.0000 1.0000 2 4.125
935 0.7518 0.2905 0.3411 0.0000 1.0000 0 4.000
936 0.6071 0.3302 0.2964 0.0000 1.0000 1 3.875
937 0.8438 0.2414 0.3866 0.0000 1.0000 0 3.500
938 0.7250 0.3095 0.3357 0.0000 1.0000 0 3.625
939 0.5062 0.3415 0.2830 0.0000 1.0000 2 3.750
940 0.4384 0.3664 0.3277 0.0000 1.0000 2 3.000
941 0.3339 0.3349 0.3232 0.0000 1.0000 2 4.000
942 0.9571 0.1075 0.4571 0.5000 1.0000 0 3.125
943 0.7161 0.3221 0.3446 0.0000 1.0000 0 3.875
944 0.6420 0.3253 0.3045 0.0000 1.0000 1 3.625
945 0.7839 0.2709 0.3518 0.0000 1.0000 0 3.500
946 0.6312 0.3505 0.3187 0.0000 1.0000 0 4.000
947 0.0482 0.1461 0.4625 0.0000 0.7500 0 2.750
948 0.5786 0.3549 0.3071 0.0000 1.0000 2 3.875
949 0.2679 0.3506 0.3893 0.0000 1.0000 2 4.000
950 0.9071 0.1673 0.4143 0.2500 1.0000 0 3.875
951 0.2179 0.2925 0.3679 0.0000 1.0000 1 3.750
952 0.4670 0.3503 0.2991 0.0000 1.0000 1 4.250
953 0.2223 0.3222 0.3955 0.0000 1.0000 1 3.375
954 0.3098 0.3562 0.3616 0.0000 1.0000 2 3.625
955 0.3286 0.3121 0.3036 0.0000 1.0000 0 3.000
956 0.1768 0.3098 0.4232 0.0000 1.0000 2 4.500
957 0.5554 0.3247 0.2804 0.0000 1.0000 3 3.625
958 0.6982 0.3211 0.3268 0.0000 1.0000 0 3.250
959 0.0375 0.1367 0.4768 0.0000 1.0000 0 4.750
960 0.5464 0.3667 0.3179 0.0000 1.0000 0 4.375
961 0.6357 0.3399 0.3143 0.0000 1.0000 0 3.625
962 0.6964 0.3215 0.3286 0.0000 1.0000 0 3.750
963 0.5268 0.3594 0.3054 0.0000 1.0000 1 4.250
964 0.7929 0.2426 0.3286 0.2500 1.0000 0 3.750
965 0.4000 0.3215 0.2857 0.0000 1.0000 11 4.250
966 0.6964 0.2928 0.3018 0.0000 1.0000 1 4.500
967 0.8411 0.2431 0.3804 0.0000 1.0000 0 4.625
968 0.8661 0.2398 0.4089 0.0000 1.0000 0 3.500
969 0.4161 0.3531 0.3054 0.0000 1.0000 4 3.500
970 0.5786 0.3473 0.3000 0.0000 1.0000 2 4.500
971 0.7214 0.2974 0.3179 0.0000 1.0000 2 3.750
972 0.3875 0.3489 0.3125 0.0000 1.0000 2 3.875
973 0.5357 0.3453 0.2929 0.0000 1.0000 2 3.625
974 0.5482 0.3755 0.3268 0.0000 1.0000 1 4.000
975 0.2500 0.3260 0.3786 0.0000 1.0000 4 4.250
976 0.4661 0.3551 0.3089 0.0000 1.0000 2 3.625
977 0.6554 0.3239 0.3125 0.0000 1.0000 1 3.625
978 0.6304 0.3169 0.2875 0.0000 1.0000 0 3.875
979 0.7500 0.2787 0.3179 0.0000 1.0000 1 3.750
980 0.4464 0.3443 0.2893 0.0000 1.0000 2 3.750
981 0.6732 0.3231 0.3196 0.0000 1.0000 0 4.250
982 0.6214 0.3641 0.3321 0.0000 1.0000 1 4.250
983 0.8848 0.1931 0.3991 0.0000 1.0000 0 3.625
984 0.6482 0.3016 0.2768 0.0000 1.0000 4 4.125
985 0.6536 0.3226 0.3107 0.0000 1.0000 1 3.750
986 0.5214 0.3738 0.3250 0.0000 1.0000 1 3.750
987 0.4339 0.3568 0.3161 0.0000 1.0000 2 3.000
988 0.9696 0.1055 0.4696 0.5000 1.0000 0 3.375
989 0.7107 0.3080 0.3214 0.0000 1.0000 1 3.875
990 0.1589 0.2504 0.3875 0.0000 1.0000 0 3.875
991 0.5080 0.3654 0.3134 0.0000 1.0000 0 4.125
992 0.7357 0.3059 0.3429 0.0000 1.0000 0 3.750
993 0.5607 0.3299 0.2821 0.0000 1.0000 0 3.375
994 0.2357 0.3102 0.3643 0.0000 1.0000 3 3.125
995 0.5946 0.3423 0.3018 0.0000 1.0000 0 4.625
996 0.2259 0.3047 0.3741 0.0000 1.0000 1 4.750
997 0.7107 0.2886 0.3179 0.0000 1.0000 0 3.125
998 0.2330 0.3174 0.3795 0.0000 1.0000 0 3.625
999 0.6732 0.3285 0.3125 0.0000 1.0000 0 3.500
1000 0.5500 0.3465 0.2982 0.0000 1.0000 2 3.500
1001 0.2027 0.3042 0.3937 0.0000 1.0000 0 3.625
1002 0.5554 0.3460 0.2946 0.0000 1.0000 0 3.125
1003 0.2464 0.3176 0.3679 0.0000 1.0000 5 3.500
1004 0.8125 0.2691 0.3696 0.0000 1.0000 0 4.125
1005 0.1411 0.2539 0.4089 0.0000 1.0000 0 3.875
1006 0.6562 0.3311 0.3134 0.0000 1.0000 0 4.375
1007 0.6429 0.3316 0.3071 0.0000 1.0000 1 4.625
1008 0.7357 0.2706 0.3107 0.0000 1.0000 0 4.125
1009 0.6411 0.3317 0.3125 0.0000 1.0000 2 3.875
1010 0.7446 0.2873 0.3304 0.0000 1.0000 0 3.625
1011 0.9429 0.1534 0.4500 0.2500 1.0000 0 3.625
1012 0.3304 0.3394 0.3339 0.0000 1.0000 6 3.250
1013 0.7393 0.3203 0.3643 0.0000 1.0000 2 3.500
1014 0.3357 0.3364 0.3214 0.0000 1.0000 2 4.000
1015 0.1830 0.2868 0.3955 0.0000 1.0000 0 2.625
1016 0.2179 0.3160 0.3964 0.0000 1.0000 0 4.000
1017 0.4830 0.3552 0.3027 0.0000 1.0000 2 4.750
1018 0.5045 0.3389 0.2848 0.0000 1.0000 0 4.750
1019 0.3589 0.3423 0.3161 0.0000 1.0000 2 3.750
1020 0.6732 0.3299 0.3268 0.0000 1.0000 0 2.875
1021 0.4714 0.3648 0.3107 0.0000 1.0000 2 3.875
1022 0.4054 0.3567 0.3232 0.0000 1.0000 2 3.625
1023 0.5804 0.3194 0.2768 0.0000 1.0000 2 5.125
1024 0.5554 0.3549 0.3054 0.0000 1.0000 0 3.875
1025 0.7804 0.2779 0.3554 0.0000 1.0000 0 3.250
1026 0.4804 0.3685 0.3196 0.0000 1.0000 0 4.375
1027 0.7295 0.2945 0.3223 0.0000 1.0000 2 3.625
1028 0.1554 0.2362 0.3839 0.0000 1.0000 0 3.500
1029 0.8911 0.1748 0.4018 0.2500 1.0000 0 4.000
1030 0.5929 0.3319 0.2857 0.0000 1.0000 5 3.375
1031 0.1812 0.2744 0.3848 0.0000 1.0000 4 4.375
1032 0.5429 0.3610 0.3071 0.0000 1.0000 0 4.000
1033 0.7554 0.2950 0.3411 0.0000 1.0000 1 4.500
1034 0.8107 0.2516 0.3571 0.0000 1.0000 0 4.125
1035 0.7500 0.2973 0.3393 0.0000 1.0000 0 4.250
1036 0.4196 0.3589 0.3125 0.0000 1.0000 0 3.875
1037 0.2759 0.3244 0.3527 0.0000 1.0000 0 4.125
1038 0.3723 0.3565 0.3312 0.0000 1.0000 2 4.500
1039 0.8321 0.2417 0.3750 0.2500 1.0000 0 3.625
1040 0.5777 0.3326 0.2920 0.0000 1.0000 1 4.125
1041 0.5357 0.3453 0.2929 0.0000 1.0000 2 3.375
1042 0.5232 0.3755 0.3232 0.0000 1.0000 1 4.250
1043 0.2152 0.2909 0.3705 0.0000 1.0000 0 4.000
1044 0.2946 0.3371 0.3554 0.0000 1.0000 0 3.750
1045 0.7625 0.2948 0.3518 0.0000 1.0000 0 4.000
1046 0.3357 0.3338 0.3214 0.0000 1.0000 4 3.500
1047 0.2000 0.2950 0.3839 0.0000 1.0000 6 4.500
1048 0.7375 0.2978 0.3375 0.0000 1.0000 0 4.250
1049 0.1554 0.2730 0.4125 0.0000 1.0000 0 3.125
1050 0.7071 0.3119 0.3286 0.0000 1.0000 0 4.500
1051 0.4536 0.3593 0.3036 0.0000 1.0000 5 3.500
1052 0.1384 0.2638 0.4259 0.0000 1.0000 1 4.375
1053 0.2134 0.2899 0.3688 0.0000 1.0000 0 4.000
1054 0.6491 0.3214 0.3009 0.0000 1.0000 0 4.500
1055 0.1643 0.2985 0.4250 0.0000 1.0000 1 3.250
1056 0.8964 0.1866 0.4143 0.0000 1.0000 0 4.625
1057 0.7304 0.2788 0.3125 0.0000 1.0000 0 3.750
1058 0.3580 0.3605 0.3420 0.0000 1.0000 5 3.375
1059 0.2518 0.3055 0.3482 0.0000 1.0000 1 3.750
1060 0.3893 0.3735 0.3429 0.0000 1.0000 2 3.625
1061 0.9411 0.1218 0.4446 0.2500 1.0000 0 2.875
1062 0.3625 0.3502 0.3232 0.0000 1.0000 5 4.000
1063 0.8438 0.2567 0.3937 0.0000 1.0000 0 4.000
1064 0.7321 0.2983 0.3286 0.0000 1.0000 0 4.500
1065 0.5661 0.3543 0.3018 0.0000 1.0000 2 3.750
1066 0.5732 0.3504 0.3054 0.0000 1.0000 0 3.500
1067 0.5429 0.3484 0.3000 0.0000 1.0000 2 4.750
1068 0.0464 0.1569 0.4714 0.0000 1.0000 0 2.875
1069 0.5991 0.3248 0.2830 0.0000 1.0000 1 3.750
1070 0.7482 0.2950 0.3375 0.0000 1.0000 0 3.125
1071 0.4455 0.3688 0.3205 0.0000 1.0000 0 3.875
1072 0.9196 0.1589 0.4268 0.2500 1.0000 0 4.750
1073 0.2696 0.3301 0.3625 0.0000 1.0000 1 3.250
1074 0.4839 0.3544 0.2982 0.0000 1.0000 4 3.500
1075 0.9357 0.1505 0.4429 0.2500 1.0000 0 4.000
1076 0.5750 0.3390 0.2893 0.0000 1.0000 2 3.750
1077 0.4732 0.3680 0.3196 0.0000 1.0000 1 4.125
1078 0.5188 0.3741 0.3295 0.0000 1.0000 0 3.625
1079 0.3107 0.3418 0.3500 0.0000 1.0000 0 4.250
1080 0.3759 0.3609 0.3348 0.0000 1.0000 6 3.875
1081 0.4518 0.3493 0.2964 0.0000 1.0000 0 2.750
1082 0.5857 0.3570 0.3179 0.0000 1.0000 4 4.375
1083 0.3607 0.3675 0.3500 0.0000 1.0000 1 3.875
1084 0.2643 0.3351 0.3786 0.0000 1.0000 1 3.625
1085 0.7571 0.2672 0.3286 0.0000 1.0000 0 4.375
1086 0.6696 0.3080 0.2982 0.0000 1.0000 0 4.125
1087 0.3723 0.3621 0.3384 0.0000 1.0000 6 4.000
1088 0.7982 0.2620 0.3518 0.0000 1.0000 0 3.250
1089 0.3696 0.3690 0.3411 0.0000 1.0000 2 3.500
1090 0.6661 0.3213 0.3125 0.0000 1.0000 2 3.125
1091 0.8929 0.1668 0.3964 0.2500 1.0000 0 3.875
1092 0.6920 0.3332 0.3455 0.0000 1.0000 1 4.750
1093 0.3000 0.3396 0.3429 0.0000 1.0000 0 3.500
1094 0.6670 0.3060 0.2955 0.0000 1.0000 1 4.125
1095 0.3563 0.3465 0.3312 0.0000 1.0000 7 4.625
1096 0.4196 0.3687 0.3339 0.0000 1.0000 2 4.125
1097 0.3187 0.3489 0.3491 0.0000 1.0000 2 3.875
1098 0.8304 0.2414 0.3732 0.0000 1.0000 0 3.750
1099 0.4500 0.3563 0.3071 0.0000 1.0000 2 3.250
1100 0.8429 0.2434 0.3857 0.0000 1.0000 0 4.375
1101 0.6741 0.3248 0.3187 0.0000 1.0000 0 3.750
1102 0.4661 0.3475 0.2946 0.0000 1.0000 3 3.750
1103 0.2893 0.3501 0.3679 0.0000 1.0000 0 2.625
1104 0.8304 0.2358 0.3696 0.2500 1.0000 0 4.000
1105 0.5571 0.3372 0.2929 0.0000 1.0000 1 4.000
1106 0.4804 0.3177 0.2554 0.0000 1.0000 2 3.625
1107 0.4161 0.3457 0.3089 0.0000 1.0000 1 3.625
1108 0.5929 0.3476 0.3036 0.0000 1.0000 0 4.250
1109 0.7679 0.2876 0.3464 0.0000 1.0000 0 2.500
1110 0.4071 0.3688 0.3393 0.0000 1.0000 2 4.500
1111 0.3625 0.3434 0.3250 0.0000 1.0000 2 4.000
1112 0.0786 0.2072 0.4571 0.0000 1.0000 0 3.625
1113 0.7786 0.2867 0.3607 0.0000 1.0000 0 4.250
1114 0.3045 0.3450 0.3509 0.0000 1.0000 2 4.000
1115 0.5830 0.3432 0.2991 0.0000 1.0000 1 4.375
1116 0.4875 0.3577 0.3054 0.0000 1.0000 2 4.250
1117 0.6786 0.3384 0.3357 0.0000 1.0000 0 3.250
1118 0.3839 0.3528 0.3232 0.0000 1.0000 3 5.250
1119 0.7000 0.3165 0.3250 0.0000 1.0000 0 3.625
1120 0.5411 0.3336 0.2804 0.0000 1.0000 1 4.500
1121 0.8982 0.1934 0.4125 0.0000 1.0000 0 3.625
1122 0.3277 0.3359 0.3330 0.0000 1.0000 5 3.875
1123 0.6973 0.3033 0.3080 0.0000 1.0000 0 4.250
1124 0.9268 0.1567 0.4375 0.2500 1.0000 0 4.875
1125 0.2143 0.2875 0.3679 0.0000 1.0000 0 3.375
1126 0.0679 0.1886 0.4536 0.0000 1.0000 0 3.125
1127 0.3607 0.3663 0.3429 0.0000 1.0000 0 4.750
1128 0.2804 0.3141 0.3339 0.0000 1.0000 2 3.750
1129 0.6411 0.3290 0.2946 0.0000 1.0000 1 4.375
1130 0.8304 0.2505 0.3768 0.0000 1.0000 0 4.000
1131 0.5661 0.3543 0.3018 0.0000 1.0000 1 3.625
1132 0.6875 0.3302 0.3339 0.0000 1.0000 1 3.875
1133 0.4286 0.3358 0.2857 0.0000 1.0000 2 4.250
1134 0.9304 0.1526 0.4411 0.0000 1.0000 0 3.500
1135 0.0866 0.2032 0.4384 0.0000 1.0000 1 3.250
1136 0.5536 0.3173 0.2643 0.0000 1.0000 2 4.250
1137 0.6143 0.3332 0.2964 0.0000 1.0000 2 4.250
1138 0.7098 0.3059 0.3223 0.0000 1.0000 0 3.625
1139 0.6929 0.3195 0.3179 0.0000 1.0000 2 4.000
1140 0.4125 0.3272 0.2839 0.0000 1.0000 2 3.000
1141 0.5661 0.3100 0.2554 0.0000 1.0000 2 4.375
1142 0.5518 0.3702 0.3196 0.0000 1.0000 0 3.250
1143 0.4045 0.3477 0.3009 0.0000 1.0000 4 3.500
1144 0.3902 0.3521 0.3205 0.0000 1.0000 4 3.375
1145 0.6411 0.3262 0.2982 0.0000 1.0000 1 4.000
1146 0.6536 0.3185 0.3036 0.0000 1.0000 0 5.500
1147 0.6107 0.3475 0.3143 0.0000 1.0000 2 3.625
1148 0.5000 0.3407 0.2893 0.0000 1.0000 2 3.750
1149 0.9250 0.1359 0.4250 0.5000 1.0000 0 4.750
1150 0.5089 0.3578 0.3054 0.0000 1.0000 1 3.500
1151 0.8946 0.1718 0.4054 0.2500 1.0000 0 3.875
1152 0.6089 0.3513 0.3125 0.0000 1.0000 1 4.125
1153 0.3643 0.3454 0.3179 0.0000 1.0000 5 3.375
1154 0.4571 0.3597 0.3071 0.0000 1.0000 0 4.250
1155 0.6857 0.3038 0.3071 0.0000 1.0000 4 4.000
1156 0.4750 0.3627 0.3071 0.0000 1.0000 0 4.375
1157 0.1000 0.2066 0.4286 0.0000 1.0000 0 3.375
1158 0.4911 0.3490 0.2982 0.0000 1.0000 2 3.250
1159 0.8482 0.2210 0.3804 0.0000 1.0000 1 4.375
1160 0.5196 0.3315 0.2732 0.0000 1.0000 0 3.625
1161 0.3241 0.3083 0.3045 0.0000 1.0000 5 3.375
1162 0.5946 0.3629 0.3304 0.0000 1.0000 0 3.250
1163 0.4545 0.3527 0.2973 0.0000 1.0000 1 4.250
1164 0.6098 0.3402 0.3098 0.0000 1.0000 0 3.625
1165 0.6634 0.3283 0.3098 0.0000 1.0000 2 3.500
1166 0.7232 0.2877 0.3018 0.0000 1.0000 2 3.375
1167 0.6375 0.3437 0.3232 0.0000 1.0000 0 4.125
1168 0.5411 0.3389 0.2875 0.0000 1.0000 0 3.375
1169 0.9348 0.1460 0.4455 0.0000 1.0000 0 5.000
1170 0.7098 0.3391 0.3634 0.0000 1.0000 0 4.250
1171 0.5339 0.3357 0.2875 0.0000 1.0000 1 3.125
1172 0.5857 0.3378 0.2821 0.0000 1.0000 1 3.375
1173 0.7143 0.3184 0.3429 0.0000 1.0000 0 4.250
1174 0.3652 0.3364 0.3170 0.0000 1.0000 2 2.875
1175 0.6777 0.3243 0.3205 0.0000 1.0000 0 4.000
1176 0.6000 0.3298 0.2929 0.0000 1.0000 0 3.125
1177 0.7571 0.2865 0.3321 0.0000 1.0000 0 4.375
1178 0.5911 0.3487 0.3089 0.0000 1.0000 2 5.125
1179 0.8625 0.2223 0.3911 0.2500 1.0000 0 4.125
1180 0.9339 0.1512 0.4375 0.2500 1.0000 0 2.625
1181 0.8464 0.2401 0.3893 0.0000 1.0000 0 4.125
1182 0.3714 0.3629 0.3464 0.0000 1.0000 1 3.250
1183 0.2911 0.3042 0.3125 0.0000 1.0000 2 4.000
1184 0.5125 0.3602 0.3089 0.0000 1.0000 2 4.000
1185 0.6089 0.3357 0.3018 0.0000 1.0000 0 4.625
1186 0.6054 0.3469 0.3125 0.0000 1.0000 2 4.000
1187 0.3187 0.3437 0.3366 0.0000 1.0000 2 4.000
1188 0.7670 0.2824 0.3438 0.0000 1.0000 0 2.875
1189 0.5589 0.3441 0.2911 0.0000 1.0000 0 3.125
1190 0.8982 0.1765 0.4125 0.0000 1.0000 0 3.875
1191 0.7348 0.2933 0.3205 0.0000 1.0000 0 3.375
1192 0.9518 0.1366 0.4589 0.2500 1.0000 0 3.125
1193 0.7339 0.3207 0.3554 0.0000 1.0000 0 3.625
1194 0.6321 0.3224 0.2929 0.0000 1.0000 2 4.500
1195 0.3411 0.3601 0.3518 0.0000 1.0000 2 4.000
1196 0.2357 0.2939 0.3536 0.0000 1.0000 0 3.250
1197 0.7196 0.2746 0.3054 0.0000 1.0000 4 3.375
1198 0.5250 0.3463 0.2893 0.0000 1.0000 1 3.750
1199 0.4598 0.3450 0.2902 0.0000 1.0000 2 4.625
1200 0.4286 0.3645 0.3214 0.0000 1.0000 6 3.875
1201 0.9446 0.1305 0.4482 0.2500 1.0000 0 3.875
1202 0.4804 0.3077 0.2446 0.0000 1.0000 2 3.875
1203 0.6750 0.3323 0.3286 0.0000 1.0000 2 3.500
1204 0.5223 0.3642 0.3187 0.0000 1.0000 0 4.250
1205 0.6911 0.3309 0.3339 0.0000 1.0000 1 3.375
1206 0.8250 0.2385 0.3607 0.0000 1.0000 0 4.250
1207 0.5768 0.3299 0.2768 0.0000 1.0000 2 2.625
1208 0.7911 0.2683 0.3554 0.0000 1.0000 1 4.375
1209 0.5527 0.3561 0.3098 0.0000 1.0000 2 3.375
1210 0.3634 0.3416 0.3170 0.0000 1.0000 2 4.500
1211 0.8232 0.2647 0.3804 0.0000 1.0000 0 4.250
1212 0.2357 0.3127 0.3696 0.0000 1.0000 1 4.125
1213 0.4652 0.3391 0.2830 0.0000 1.0000 0 3.875
1214 0.5866 0.3507 0.3080 0.0000 1.0000 1 4.000
1215 0.2134 0.2994 0.3723 0.0000 1.0000 1 5.000
1216 0.6473 0.3482 0.3348 0.0000 1.0000 0 3.875
1217 0.4679 0.3508 0.2964 0.0000 1.0000 2 3.125
1218 0.6893 0.3299 0.3321 0.0000 1.0000 0 3.625
1219 0.6527 0.3246 0.3027 0.0000 1.0000 0 3.500
1220 0.7839 0.2659 0.3411 0.0000 1.0000 0 4.500
1221 0.7839 0.2709 0.3482 0.0000 1.0000 1 4.750
1222 0.4714 0.3851 0.3357 0.0000 1.0000 1 3.500
1223 0.6679 0.2991 0.2893 0.0000 1.0000 0 3.500
1224 0.4000 0.3657 0.3321 0.0000 1.0000 2 4.000
1225 0.2214 0.3202 0.3964 0.0000 1.0000 0 3.875
1226 0.4464 0.3324 0.2857 0.0000 1.0000 2 4.000
1227 0.3946 0.3473 0.3089 0.0000 1.0000 0 4.500
1228 0.6375 0.3023 0.2804 0.0000 1.0000 2 5.000
1229 0.4732 0.3594 0.3089 0.0000 1.0000 1 4.375
1230 0.3268 0.3419 0.3375 0.0000 1.0000 0 3.875
1231 0.4750 0.3675 0.3143 0.0000 1.0000 2 3.875
1232 0.8875 0.2012 0.4054 0.0000 1.0000 0 3.875
1233 0.6482 0.3241 0.3107 0.0000 1.0000 3 4.375
1234 0.4616 0.3629 0.3152 0.0000 1.0000 0 4.125
1235 0.6366 0.3410 0.3045 0.0000 1.0000 2 4.125
1236 0.1500 0.2784 0.4214 0.0000 1.0000 1 4.000
1237 0.6179 0.3478 0.3179 0.0000 1.0000 2 4.375
1238 0.6804 0.3106 0.3018 0.0000 1.0000 1 3.750
1239 0.3652 0.3614 0.3402 0.0000 1.0000 3 3.750
1240 0.2250 0.3138 0.3786 0.0000 1.0000 2 3.750
1241 0.8839 0.1882 0.3946 0.2500 1.0000 0 4.125
1242 0.6875 0.3206 0.3232 0.0000 1.0000 0 4.125
1243 0.4571 0.3695 0.3214 0.0000 1.0000 2 4.875
1244 0.5964 0.3492 0.3107 0.0000 1.0000 2 3.875
1245 0.4714 0.3685 0.3214 0.0000 1.0000 1 3.125
1246 0.4250 0.3377 0.2929 0.0000 1.0000 5 3.000
1247 0.8071 0.2777 0.3750 0.0000 1.0000 0 4.125
1248 0.4982 0.3554 0.2982 0.0000 1.0000 0 4.125
1249 0.7295 0.2998 0.3241 0.0000 1.0000 0 4.125
1250 0.3786 0.3604 0.3286 0.0000 1.0000 4 3.000
1251 0.4643 0.3505 0.2964 0.0000 1.0000 0 3.625
1252 0.5929 0.3615 0.3286 0.0000 1.0000 0 4.125
1253 0.4786 0.3641 0.3214 0.0000 1.0000 0 3.750
1254 0.6929 0.3332 0.3393 0.0000 1.0000 0 3.750
1255 0.7518 0.2811 0.3304 0.0000 1.0000 0 3.875
1256 0.8321 0.2561 0.3893 0.0000 1.0000 0 4.250
1257 0.5625 0.3422 0.2982 0.0000 1.0000 4 3.000
1258 0.7518 0.2799 0.3268 0.0000 1.0000 1 3.875
1259 0.5375 0.3547 0.3054 0.0000 1.0000 1 4.250
1260 0.7250 0.2902 0.3143 0.0000 1.0000 1 5.375
1261 0.4268 0.3294 0.2839 0.0000 1.0000 2 5.000
1262 0.1786 0.2839 0.4000 0.0000 1.0000 5 3.625
1263 0.6054 0.3549 0.3232 0.0000 1.0000 2 3.625
1264 0.6429 0.2926 0.2661 0.0000 1.0000 3 3.500
1265 0.6250 0.3554 0.3214 0.0000 1.0000 0 3.750
1266 0.7161 0.3221 0.3482 0.0000 1.0000 0 4.250
1267 0.8607 0.2201 0.3857 0.2500 1.0000 0 3.250
1268 0.2723 0.3332 0.3616 0.0000 1.0000 2 3.500
1269 0.1982 0.3010 0.3911 0.0000 1.0000 1 4.125
1270 0.4232 0.3707 0.3304 0.0000 1.0000 2 3.750
1271 0.4491 0.3687 0.3259 0.0000 1.0000 2 4.250
1272 0.8000 0.2449 0.3429 0.0000 1.0000 0 3.375
1273 0.2429 0.3133 0.3679 0.0000 1.0000 0 3.375
1274 0.3821 0.3465 0.3179 0.0000 1.0000 2 3.375
1275 0.4232 0.3646 0.3268 0.0000 1.0000 1 3.875
1276 0.5786 0.3302 0.2714 0.0000 1.0000 1 3.750
1277 0.8152 0.2507 0.3598 0.0000 1.0000 1 4.125
1278 0.2929 0.3340 0.3536 0.0000 1.0000 1 4.000
1279 0.3384 0.3451 0.3259 0.0000 1.0000 2 3.625
1280 0.8205 0.2640 0.3830 0.0000 1.0000 0 3.375
1281 0.4313 0.3546 0.3080 0.0000 1.0000 2 3.750
1282 0.7911 0.2699 0.3518 0.0000 1.0000 0 2.875
1283 0.6134 0.3344 0.2991 0.0000 1.0000 2 3.375
1284 0.5304 0.3183 0.2625 0.0000 1.0000 0 3.375
1285 0.8304 0.2339 0.3625 0.0000 1.0000 0 3.500
1286 0.7304 0.3092 0.3375 0.0000 1.0000 2 3.750
1287 0.3536 0.3446 0.3250 0.0000 1.0000 3 3.750
1288 0.5893 0.3408 0.3000 0.0000 1.0000 2 4.250
1289 0.7179 0.3216 0.3393 0.0000 1.0000 0 3.875
1290 0.4054 0.3579 0.3196 0.0000 1.0000 0 3.500
1291 0.7830 0.2833 0.3527 0.0000 1.0000 0 3.750
1292 0.4339 0.3643 0.3268 0.0000 1.0000 2 4.875
1293 0.1625 0.2896 0.4196 0.0000 1.0000 0 3.000
1294 0.7455 0.2883 0.3312 0.0000 1.0000 0 4.375
1295 0.3196 0.3473 0.3411 0.0000 1.0000 2 3.875
1296 0.5768 0.3646 0.3304 0.0000 1.0000 2 4.750
1297 0.6393 0.3277 0.3000 0.0000 1.0000 2 3.750
1298 0.2964 0.3254 0.3393 0.0000 1.0000 0 3.875
1299 0.7902 0.2678 0.3491 0.0000 1.0000 0 4.125
1300 0.7321 0.2998 0.3321 0.0000 1.0000 2 3.875
1301 0.3196 0.3391 0.3411 0.0000 1.0000 2 3.125
1302 0.6518 0.3333 0.3071 0.0000 1.0000 0 4.000
1303 0.6804 0.3106 0.3089 0.0000 1.0000 0 4.250
1304 0.1429 0.2675 0.4250 0.0000 1.0000 3 3.625
1305 0.8161 0.2598 0.3661 0.0000 1.0000 0 3.875
1306 0.5196 0.3648 0.3125 0.0000 1.0000 1 3.625
1307 0.6714 0.3163 0.3107 0.0000 1.0000 3 3.375
1308 0.4357 0.3688 0.3286 0.0000 1.0000 0 4.250
1309 0.6893 0.3216 0.3286 0.0000 1.0000 0 3.250
1310 0.4089 0.3303 0.2839 0.0000 1.0000 8 3.750
1311 0.7241 0.2994 0.3277 0.0000 1.0000 0 3.375
1312 0.4321 0.3571 0.3179 0.0000 1.0000 2 3.750
1313 0.5286 0.3511 0.3000 0.0000 1.0000 2 2.625
1314 0.3036 0.3404 0.3429 0.0000 1.0000 2 3.250
1315 0.1357 0.2416 0.4036 0.0000 1.0000 1 3.625
1316 0.1661 0.2683 0.4018 0.0000 1.0000 3 2.750
1317 0.5348 0.3539 0.3045 0.0000 1.0000 0 4.250
1318 0.7018 0.3016 0.3089 0.0000 1.0000 0 3.000
1319 0.4643 0.3654 0.3143 0.0000 1.0000 1 3.750
1320 0.5161 0.3410 0.2839 0.0000 1.0000 2 4.375
1321 0.7027 0.2997 0.3063 0.0000 1.0000 0 4.875
1322 0.3027 0.3267 0.3241 0.0000 1.0000 1 3.625
1323 0.5107 0.3559 0.3000 0.0000 1.0000 2 4.375
1324 0.6679 0.3293 0.3179 0.0000 1.0000 0 3.625
1325 0.8357 0.2348 0.3679 0.0000 1.0000 0 4.625
1326 0.6429 0.3406 0.3179 0.0000 1.0000 2 4.250
1327 0.2821 0.3405 0.3643 0.0000 1.0000 2 4.625
1328 0.6625 0.3340 0.3196 0.0000 1.0000 3 4.000
1329 0.8920 0.2006 0.4170 0.0000 1.0000 0 3.375
1330 0.4509 0.3701 0.3259 0.0000 1.0000 1 4.125
1331 0.5750 0.3393 0.2893 0.0000 1.0000 1 4.125
1332 0.5500 0.3330 0.2679 0.0000 1.0000 2 3.750
1333 0.5482 0.3470 0.2911 0.0000 1.0000 0 3.625
1334 0.6866 0.3005 0.2902 0.0000 1.0000 1 4.000
1335 0.1500 0.2863 0.4321 0.0000 1.0000 0 3.625
1336 0.5089 0.3346 0.2804 0.0000 1.0000 1 4.625
1337 0.2714 0.3197 0.3536 0.0000 1.0000 0 3.750
1338 0.8071 0.2576 0.3571 0.0000 1.0000 2 3.875
1339 0.1143 0.2317 0.4250 0.0000 1.0000 0 2.500
1340 0.7464 0.2850 0.3250 0.0000 1.0000 0 3.500
1341 0.5955 0.3024 0.2562 0.0000 1.0000 15 3.625
1342 0.3652 0.3321 0.3063 0.0000 1.0000 1 4.875
1343 0.5938 0.3384 0.2938 0.0000 1.0000 0 4.125
1344 0.4313 0.3552 0.3116 0.0000 1.0000 2 4.375
1345 0.5929 0.3359 0.2893 0.0000 1.0000 2 4.250
1346 0.5036 0.3672 0.3143 0.0000 1.0000 2 3.625
1347 0.4045 0.3634 0.3223 0.0000 1.0000 2 2.875
1348 0.4089 0.3662 0.3339 0.0000 1.0000 0 3.125
1349 0.2089 0.3100 0.3946 0.0000 1.0000 5 4.250
1350 0.8893 0.1873 0.4036 0.0000 1.0000 0 3.500
1351 0.4509 0.3622 0.3152 0.0000 1.0000 0 3.125
1352 0.8268 0.2214 0.3589 0.0000 1.0000 2 3.500
1353 0.4205 0.3492 0.3134 0.0000 1.0000 0 3.375
1354 0.7750 0.2824 0.3464 0.0000 1.0000 0 3.750
1355 0.6411 0.3513 0.3268 0.0000 1.0000 0 4.375
1356 0.6277 0.3053 0.2670 0.0000 1.0000 1 4.000
1357 0.3839 0.3591 0.3268 0.0000 1.0000 2 4.500
1358 0.2652 0.3089 0.3455 0.0000 1.0000 2 4.500
1359 0.8036 0.2601 0.3571 0.0000 1.0000 0 3.000
1360 0.4339 0.3375 0.2946 0.0000 1.0000 2 3.625
1361 0.7250 0.3110 0.3393 0.0000 1.0000 0 4.250
1362 0.7429 0.3002 0.3429 0.0000 1.0000 0 3.500
1363 0.3080 0.3264 0.3366 0.0000 1.0000 0 3.750
1364 0.7446 0.3010 0.3411 0.0000 1.0000 0 3.875
1365 0.7812 0.2614 0.3420 0.0000 1.0000 0 4.375
1366 0.8036 0.2532 0.3500 0.0000 1.0000 0 3.875
1367 0.7143 0.3099 0.3214 0.0000 1.0000 0 3.000
1368 0.5107 0.3352 0.2821 0.0000 1.0000 1 3.375
1369 0.3304 0.3371 0.3304 0.0000 1.0000 6 4.625
1370 0.4232 0.3559 0.3125 0.0000 1.0000 1 4.000
1371 0.6652 0.3121 0.2991 0.0000 1.0000 0 4.000
1372 0.8125 0.2641 0.3768 0.0000 1.0000 0 4.500
1373 0.7339 0.3006 0.3339 0.0000 1.0000 0 3.375
1374 0.8071 0.2809 0.3821 0.0000 1.0000 0 3.875
1375 0.6375 0.3358 0.3161 0.0000 1.0000 4 3.000
1376 0.5955 0.3503 0.3063 0.0000 1.0000 1 4.000
1377 0.2491 0.3157 0.3688 0.0000 1.0000 2 5.250
1378 0.7161 0.3079 0.3268 0.0000 1.0000 0 4.375
1379 0.6679 0.3333 0.3250 0.0000 1.0000 2 4.375
1380 0.1643 0.2460 0.3821 0.0000 1.0000 0 3.875
1381 0.2080 0.2782 0.3652 0.0000 1.0000 2 3.250
1382 0.7384 0.3017 0.3312 0.0000 1.0000 0 3.875
1383 0.8491 0.2457 0.3955 0.0000 1.0000 0 4.125
1384 0.4018 0.3323 0.3018 0.0000 1.0000 9 3.250
1385 0.7464 0.2973 0.3357 0.0000 1.0000 0 4.000
1386 0.4554 0.3294 0.2732 0.0000 1.0000 2 3.375
1387 0.5786 0.3599 0.3286 0.0000 1.0000 0 3.375
1388 0.3946 0.3434 0.3089 0.0000 1.0000 7 4.125
1389 0.6348 0.3334 0.3063 0.0000 1.0000 0 3.625
1390 0.3759 0.3182 0.2884 0.0000 1.0000 1 4.375
1391 0.7107 0.3007 0.3143 0.0000 1.0000 1 4.750
1392 0.8509 0.2128 0.3741 0.0000 1.0000 0 4.250
1393 0.6223 0.3399 0.3098 0.0000 1.0000 1 3.000
1394 0.6000 0.3351 0.2821 0.0000 1.0000 0 3.750
1395 0.8911 0.1964 0.4089 0.2500 1.0000 0 4.125
1396 0.6089 0.3573 0.3250 0.0000 1.0000 0 4.250
1397 0.9705 0.0998 0.4741 0.2500 1.0000 0 2.750
1398 0.4643 0.3492 0.2964 0.0000 1.0000 3 3.125
1399 0.9786 0.0761 0.4786 0.5000 1.0000 0 3.625
1400 0.3045 0.3305 0.3366 0.0000 1.0000 0 4.000
1401 0.1714 0.2736 0.4000 0.0000 1.0000 0 4.500
1402 0.1911 0.3042 0.4054 0.0000 1.0000 0 4.625
1403 0.4036 0.3492 0.3107 0.0000 1.0000 2 4.125
1404 0.1607 0.2723 0.4143 0.0000 1.0000 0 3.875
1405 0.4545 0.3730 0.3277 0.0000 1.0000 2 3.750
1406 0.5982 0.3296 0.2768 0.0000 1.0000 0 4.250
1407 0.3929 0.3734 0.3464 0.0000 1.0000 2 3.250
1408 0.6571 0.3359 0.3143 0.0000 1.0000 7 4.500
1409 0.8071 0.2470 0.3607 0.0000 1.0000 0 3.625
1410 0.6071 0.3499 0.3107 0.0000 1.0000 2 4.625
1411 0.4295 0.3368 0.2866 0.0000 1.0000 2 4.750
1412 0.5080 0.3630 0.3116 0.0000 1.0000 1 2.875
1413 0.2571 0.3300 0.3643 0.0000 1.0000 2 4.750
1414 0.7411 0.3009 0.3375 0.0000 1.0000 0 3.750
1415 0.0964 0.2017 0.4321 0.0000 1.0000 0 4.375
1416 0.8875 0.1944 0.4054 0.0000 1.0000 0 4.125
1417 0.3875 0.3437 0.3089 0.0000 1.0000 2 3.750
1418 0.5554 0.3486 0.3018 0.0000 1.0000 1 3.250
1419 0.2911 0.3295 0.3446 0.0000 1.0000 2 3.500
1420 0.6839 0.3254 0.3196 0.0000 1.0000 1 3.625
1421 0.4375 0.3575 0.3018 0.0000 1.0000 0 4.125
1422 0.5554 0.3636 0.3161 0.0000 1.0000 0 3.875
1423 0.3804 0.3439 0.3018 0.0000 1.0000 2 4.375
1424 0.3045 0.3456 0.3491 0.0000 1.0000 2 4.125
1425 0.4750 0.3614 0.3107 0.0000 1.0000 1 4.125
1426 0.7393 0.3031 0.3393 0.0000 1.0000 0 3.875
1427 0.5571 0.3624 0.3214 0.0000 1.0000 0 3.250
1428 0.7018 0.3075 0.3161 0.0000 1.0000 1 4.500
1429 0.7893 0.2592 0.3500 0.0000 1.0000 1 3.750
1430 0.3161 0.3518 0.3554 0.0000 1.0000 0 4.125
1431 0.5536 0.3681 0.3214 0.0000 1.0000 2 4.125
1432 0.5750 0.3390 0.3000 0.0000 1.0000 2 4.500
1433 0.3518 0.3406 0.3196 0.0000 1.0000 2 3.500
1434 0.2179 0.2895 0.3679 0.0000 1.0000 0 3.625
1435 0.8429 0.2182 0.3786 0.0000 1.0000 0 4.250
1436 0.7857 0.2715 0.3464 0.0000 1.0000 0 4.000
1437 0.1000 0.2232 0.4393 0.0000 1.0000 1 3.625
1438 0.9500 0.1500 0.4607 0.0000 1.0000 0 3.875
1439 0.6446 0.3077 0.2804 0.0000 1.0000 1 4.625
1440 0.4214 0.3612 0.3250 0.0000 1.0000 1 3.625
1441 0.6750 0.2923 0.2821 0.0000 1.0000 0 3.625
1442 0.1464 0.2587 0.4071 0.0000 1.0000 5 4.125
1443 0.2964 0.3543 0.3714 0.0000 1.0000 2 3.250
1444 0.9098 0.1854 0.4241 0.0000 1.0000 0 3.750
1445 0.4473 0.3401 0.2830 0.0000 1.0000 2 3.500
1446 0.4964 0.3535 0.2929 0.0000 1.0000 1 2.875
1447 0.7080 0.3093 0.3330 0.0000 1.0000 0 4.625
1448 0.7688 0.2870 0.3527 0.0000 1.0000 0 3.500
1449 0.4616 0.3232 0.2670 0.0000 1.0000 2 4.250
1450 0.3937 0.3641 0.3330 0.0000 1.0000 2 4.000
1451 0.4018 0.3337 0.2982 0.0000 1.0000 2 4.500
1452 0.4786 0.3579 0.3071 0.0000 1.0000 1 3.750
1453 0.5670 0.3499 0.3045 0.0000 1.0000 0 3.500
1454 0.7196 0.2935 0.3161 0.0000 1.0000 2 5.125
1455 0.5170 0.3450 0.2812 0.0000 1.0000 0 3.875
1456 0.5866 0.3532 0.3080 0.0000 1.0000 2 3.375
1457 0.1446 0.2623 0.4125 0.0000 1.0000 0 4.375
1458 0.0982 0.2148 0.4339 0.0000 1.0000 0 4.000
1459 0.4018 0.3752 0.3339 0.0000 1.0000 1 3.625
1460 0.3527 0.3325 0.3170 0.0000 1.0000 4 2.875
1461 0.6446 0.3191 0.3054 0.0000 1.0000 0 3.375
1462 0.7018 0.3217 0.3304 0.0000 1.0000 0 4.125
1463 0.6982 0.3084 0.3232 0.0000 1.0000 1 4.250
1464 0.7714 0.2526 0.3214 0.0000 1.0000 0 3.375
1465 0.4723 0.3645 0.3134 0.0000 1.0000 2 3.750
1466 0.9679 0.0984 0.4679 0.5000 1.0000 0 4.250
1467 0.7143 0.3113 0.3321 0.0000 1.0000 0 4.375
1468 0.7268 0.2911 0.3125 0.0000 1.0000 4 3.625
1469 0.6036 0.3497 0.3214 0.0000 1.0000 1 3.875
1470 0.9107 0.1666 0.4214 0.2500 1.0000 0 3.500
1471 0.7179 0.3188 0.3357 0.0000 1.0000 0 3.375
1472 0.3268 0.3483 0.3446 0.0000 1.0000 2 3.500
1473 0.4321 0.3559 0.3143 0.0000 1.0000 4 4.250
1474 0.7625 0.2728 0.3375 0.0000 1.0000 2 3.750
1475 0.4196 0.3449 0.3018 0.0000 1.0000 5 3.625
1476 0.7607 0.3045 0.3571 0.0000 1.0000 0 3.875
1477 0.6375 0.3264 0.3089 0.0000 1.0000 1 3.875
1478 0.5259 0.3425 0.2884 0.0000 1.0000 2 3.875
1479 0.8750 0.2016 0.3964 0.2500 1.0000 0 3.625
1480 0.5304 0.3579 0.3054 0.0000 1.0000 1 4.000
1481 0.3643 0.3688 0.3536 0.0000 1.0000 1 3.500
1482 0.7589 0.2857 0.3339 0.0000 1.0000 0 4.125
1483 0.6259 0.3217 0.2938 0.0000 1.0000 0 3.625
1484 0.0875 0.2008 0.4411 0.0000 1.0000 0 3.500
1485 0.7259 0.3183 0.3438 0.0000 1.0000 0 2.625
1486 0.4018 0.3390 0.3018 0.0000 1.0000 2 3.750
1487 0.3527 0.3495 0.3241 0.0000 1.0000 0 3.875
1488 0.8161 0.2581 0.3696 0.0000 1.0000 1 4.500
1489 0.4036 0.3642 0.3357 0.0000 1.0000 1 3.500
1490 0.6250 0.3400 0.3071 0.0000 1.0000 0 3.500
1491 0.2375 0.3096 0.3696 0.0000 1.0000 0 3.500
1492 0.8625 0.2099 0.3875 0.0000 1.0000 0 3.625
1493 0.1839 0.2967 0.4018 0.0000 1.0000 0 3.500
1494 0.7893 0.2627 0.3464 0.0000 1.0000 1 3.500
1495 0.4634 0.3505 0.2991 0.0000 1.0000 2 3.125
1496 0.5089 0.3477 0.2982 0.0000 1.0000 4 3.750
1497 0.3518 0.3547 0.3446 0.0000 1.0000 2 3.500
1498 0.4223 0.3825 0.3420 0.0000 1.0000 0 3.750
1499 0.6679 0.3333 0.3214 0.0000 1.0000 2 4.250
1500 0.7598 0.2920 0.3509 0.0000 1.0000 2 4.125
1501 0.9429 0.1412 0.4464 0.2500 1.0000 0 3.875
1502 0.9098 0.1664 0.4223 0.0000 1.0000 0 4.000
1503 0.6268 0.3579 0.3304 0.0000 1.0000 1 3.250
1504 0.4821 0.3389 0.2893 0.0000 1.0000 0 5.500
1505 0.5643 0.3332 0.2786 0.0000 1.0000 2 4.125
1506 0.5286 0.3473 0.2857 0.0000 1.0000 0 3.625
1507 0.3848 0.3705 0.3402 0.0000 1.0000 4 4.000
1508 0.4080 0.3363 0.2902 0.0000 1.0000 2 5.375
1509 0.6741 0.3158 0.3063 0.0000 1.0000 2 4.000
1510 0.5062 0.3655 0.3116 0.0000 1.0000 0 4.750
1511 0.8571 0.1963 0.3643 0.2500 1.0000 0 4.375
1512 0.4893 0.3496 0.2964 0.0000 1.0000 1 4.000
1513 0.7643 0.2924 0.3536 0.0000 1.0000 1 5.250
1514 0.6500 0.3131 0.2929 0.0000 1.0000 0 3.750
1515 0.4143 0.3608 0.3214 0.0000 1.0000 2 3.750
1516 0.3661 0.3646 0.3500 0.0000 1.0000 2 5.000
1517 0.3821 0.3516 0.3214 0.0000 1.0000 0 5.375
1518 0.7696 0.2657 0.3339 0.0000 1.0000 0 4.250
1519 0.7268 0.2880 0.3161 0.0000 1.0000 1 3.625
1520 0.7857 0.2699 0.3500 0.0000 1.0000 0 4.750
1521 0.6411 0.3397 0.3125 0.0000 1.0000 2 3.875
1522 0.7786 0.2674 0.3393 0.0000 1.0000 0 3.375
1523 0.4214 0.3447 0.2964 0.0000 1.0000 0 3.875
1524 0.7982 0.2516 0.3411 0.0000 1.0000 0 3.875
1525 0.4946 0.3491 0.2911 0.0000 1.0000 2 3.625
1526 0.6125 0.3372 0.3054 0.0000 1.0000 2 3.375
1527 0.6312 0.3352 0.3009 0.0000 1.0000 0 4.125
1528 0.6786 0.3475 0.3464 0.0000 1.0000 1 4.000
1529 0.8670 0.2161 0.3955 0.0000 1.0000 0 2.750
1530 0.4071 0.3602 0.3179 0.0000 1.0000 1 5.125
1531 0.4170 0.3528 0.3098 0.0000 1.0000 2 2.625
1532 0.5893 0.3233 0.2821 0.0000 1.0000 2 5.500
1533 0.7411 0.3053 0.3482 0.0000 1.0000 0 4.125
1534 0.4143 0.3533 0.3143 0.0000 1.0000 2 4.000
1535 0.8455 0.2426 0.3920 0.0000 1.0000 0 4.250
1536 0.6045 0.3245 0.2830 0.0000 1.0000 1 4.250
1537 0.4625 0.3826 0.3375 0.0000 1.0000 1 3.375
1538 0.4268 0.3666 0.3161 0.0000 1.0000 1 4.000
1539 0.6607 0.2898 0.2750 0.0000 1.0000 0 4.500
1540 0.0250 0.0959 0.4786 0.0000 0.7500 0 2.750
1541 0.3107 0.3339 0.3393 0.0000 1.0000 2 3.750
1542 0.1446 0.2537 0.4018 0.0000 1.0000 0 3.875
1543 0.8161 0.2797 0.3875 0.0000 1.0000 0 3.750
1544 0.6152 0.3022 0.2616 0.0000 1.0000 2 4.000
1545 0.6554 0.3616 0.3554 0.0000 1.0000 0 4.250
1546 0.8054 0.2657 0.3625 0.0000 1.0000 0 4.250
1547 0.5107 0.3405 0.2857 0.0000 1.0000 1 3.250
1548 0.9589 0.1181 0.4625 0.2500 1.0000 0 3.125
1549 0.5411 0.3336 0.2839 0.0000 1.0000 1 3.875
1550 0.2375 0.2776 0.3446 0.0000 1.0000 3 4.625
1551 0.2661 0.3193 0.3482 0.0000 1.0000 2 3.875
1552 0.8705 0.2110 0.3991 0.0000 1.0000 0 4.750
1553 0.6964 0.3044 0.3143 0.0000 1.0000 1 3.750
1554 0.5000 0.3611 0.3071 0.0000 1.0000 1 3.500
1555 0.6125 0.3437 0.3089 0.0000 1.0000 1 3.375
1556 0.8179 0.2350 0.3536 0.0000 1.0000 0 3.875
1557 0.7143 0.3226 0.3429 0.0000 1.0000 0 3.375
1558 0.9420 0.1428 0.4491 0.0000 1.0000 0 3.750
1559 0.4661 0.3551 0.3089 0.0000 1.0000 2 4.125
1560 0.9429 0.1412 0.4464 0.2500 1.0000 0 3.875
1561 0.4000 0.3583 0.3214 0.0000 1.0000 2 3.750
1562 0.7982 0.2551 0.3554 0.0000 1.0000 0 4.125
1563 0.6661 0.3359 0.3268 0.0000 1.0000 0 3.125
1564 0.7393 0.2895 0.3357 0.0000 1.0000 0 4.000
1565 0.8571 0.2356 0.4000 0.0000 1.0000 0 4.000
1566 0.4429 0.3398 0.2893 0.0000 1.0000 2 4.750
1567 0.4036 0.3618 0.3286 0.0000 1.0000 1 3.500
1568 0.5857 0.3495 0.3107 0.0000 1.0000 0 3.750
1569 0.5268 0.3494 0.2946 0.0000 1.0000 1 4.500
1570 0.3098 0.3282 0.3295 0.0000 1.0000 2 3.125
1571 0.9518 0.1264 0.4554 0.2500 1.0000 0 4.125
1572 0.7893 0.2558 0.3429 0.0000 1.0000 2 4.625
1573 0.5375 0.3299 0.2732 0.0000 1.0000 2 3.625
1574 0.4464 0.3741 0.3214 0.0000 1.0000 2 3.750
1575 0.6357 0.3223 0.2929 0.0000 1.0000 2 4.000
1576 0.7071 0.3017 0.3107 0.0000 1.0000 0 4.500
1577 0.7696 0.2883 0.3518 0.0000 1.0000 0 4.250
1578 0.7080 0.3020 0.3205 0.0000 1.0000 0 4.250
1579 0.5375 0.3585 0.3125 0.0000 1.0000 7 3.750
1580 0.9625 0.1074 0.4625 0.5000 1.0000 0 3.875
1581 0.6304 0.3426 0.3161 0.0000 1.0000 1 3.875
1582 0.5804 0.3423 0.3018 0.0000 1.0000 2 4.500
1583 0.7536 0.2897 0.3393 0.0000 1.0000 0 4.250
1584 0.7107 0.2932 0.3107 0.0000 1.0000 1 4.125
1585 0.6607 0.3315 0.3214 0.0000 1.0000 2 3.250
1586 0.5339 0.3410 0.2875 0.0000 1.0000 2 4.125
1587 0.7107 0.3066 0.3286 0.0000 1.0000 0 2.875
1588 0.4598 0.3463 0.2955 0.0000 1.0000 2 3.875
1589 0.9446 0.1339 0.4518 0.2500 1.0000 0 3.625
1590 0.2929 0.3147 0.3250 0.0000 1.0000 2 4.000
1591 0.6732 0.3470 0.3411 0.0000 1.0000 0 4.125
1592 0.4214 0.3549 0.3107 0.0000 1.0000 4 3.750
1593 0.1179 0.2122 0.4107 0.0000 1.0000 1 5.250
1594 0.8179 0.2568 0.3714 0.0000 1.0000 0 3.625
1595 0.4545 0.3514 0.3045 0.0000 1.0000 2 4.625
1596 0.5170 0.3216 0.2634 0.0000 1.0000 2 3.875
1597 0.3321 0.3516 0.3357 0.0000 1.0000 2 3.875
1598 0.6786 0.3318 0.3250 0.0000 1.0000 0 4.000
1599 0.7696 0.2867 0.3482 0.0000 1.0000 0 4.750
1600 0.4339 0.3703 0.3232 0.0000 1.0000 2 3.500
1601 0.5429 0.3484 0.2929 0.0000 1.0000 1 3.875
1602 0.4607 0.3589 0.3143 0.0000 1.0000 2 3.750
1603 0.3750 0.3417 0.3161 0.0000 1.0000 5 3.375
1604 0.5991 0.3673 0.3420 0.0000 1.0000 2 3.750
1605 0.3812 0.3450 0.3080 0.0000 1.0000 2 4.250
1606 0.8268 0.2293 0.3625 0.2500 1.0000 1 3.625
1607 0.6036 0.3287 0.2786 0.0000 1.0000 0 3.625
1608 0.1464 0.2353 0.3893 0.0000 1.0000 0 3.375
1609 0.7107 0.3152 0.3357 0.0000 1.0000 1 3.875
1610 0.6196 0.3334 0.2982 0.0000 1.0000 0 3.875
1611 0.5536 0.3545 0.3107 0.0000 1.0000 1 3.625
1612 0.4313 0.3602 0.3241 0.0000 1.0000 0 3.625
1613 0.3750 0.3529 0.3286 0.0000 1.0000 0 3.000
1614 0.2679 0.3292 0.3589 0.0000 1.0000 5 3.000
1615 0.5786 0.3612 0.3179 0.0000 1.0000 0 3.750
1616 0.8679 0.2184 0.3964 0.2500 1.0000 0 3.875
1617 0.9268 0.1567 0.4339 0.2500 1.0000 0 4.750
1618 0.7554 0.2795 0.3339 0.0000 1.0000 0 3.625
1619 0.9214 0.1436 0.4214 0.5000 1.0000 0 3.250
1620 0.4670 0.3566 0.3045 0.0000 1.0000 2 4.250
1621 0.5589 0.3295 0.2768 0.0000 1.0000 1 3.875
1622 0.3973 0.3284 0.2955 0.0000 1.0000 2 4.000
1623 0.7330 0.3124 0.3438 0.0000 1.0000 0 4.625
1624 0.6125 0.3437 0.3089 0.0000 1.0000 2 4.250
1625 0.8223 0.2395 0.3652 0.0000 1.0000 2 4.375
1626 0.1500 0.2636 0.4107 0.0000 1.0000 0 4.000
1627 0.6196 0.3307 0.3018 0.0000 1.0000 2 3.625
1628 0.6268 0.3307 0.3054 0.0000 1.0000 0 3.875
1629 0.1196 0.2205 0.4161 0.0000 1.0000 0 4.375
1630 0.0982 0.2128 0.4339 0.0000 1.0000 4 3.875
1631 0.5946 0.3334 0.2982 0.0000 1.0000 2 3.750
1632 0.8911 0.1895 0.4054 0.0000 1.0000 0 3.375
1633 0.2179 0.3045 0.3821 0.0000 1.0000 1 3.750
1634 0.4607 0.3638 0.3107 0.0000 1.0000 2 3.875
1635 0.4348 0.3431 0.2920 0.0000 1.0000 0 4.500
1636 0.3375 0.3547 0.3482 0.0000 1.0000 1 3.625
1637 0.5125 0.3514 0.3054 0.0000 1.0000 7 4.625
1638 0.9518 0.1191 0.4554 0.2500 1.0000 0 3.625
1639 0.6625 0.3002 0.2804 0.0000 1.0000 0 4.125
1640 0.4143 0.3583 0.3179 0.0000 1.0000 6 2.625
1641 0.6607 0.3421 0.3321 0.0000 1.0000 0 3.250
1642 0.3321 0.3426 0.3357 0.0000 1.0000 2 3.500
1643 0.7259 0.2819 0.3116 0.0000 1.0000 0 3.750
1644 0.5714 0.3424 0.2964 0.0000 1.0000 1 4.125
1645 0.2464 0.3162 0.3679 0.0000 1.0000 3 3.750
1646 0.6357 0.3278 0.3036 0.0000 1.0000 2 4.250
1647 0.4911 0.3412 0.2768 0.0000 1.0000 2 4.375
1648 0.7679 0.2781 0.3500 0.0000 1.0000 0 3.125
1649 0.6982 0.3169 0.3232 0.0000 1.0000 4 3.625
1650 0.6804 0.3301 0.3268 0.0000 1.0000 0 4.500
1651 0.6643 0.2955 0.2714 0.0000 1.0000 4 4.375
1652 0.4696 0.3604 0.3054 0.0000 1.0000 6 3.375
1653 0.5214 0.3579 0.3000 0.0000 1.0000 0 4.000
1654 0.4750 0.3639 0.3143 0.0000 1.0000 2 4.750
1655 0.7196 0.2965 0.3196 0.0000 1.0000 0 4.500
1656 0.9321 0.1489 0.4429 0.2500 1.0000 0 4.375
1657 0.7232 0.2892 0.3161 0.0000 1.0000 5 4.000
1658 0.4616 0.3452 0.2884 0.0000 1.0000 6 3.625
1659 0.7857 0.2748 0.3536 0.0000 1.0000 4 3.875
1660 0.7125 0.3133 0.3232 0.0000 1.0000 0 4.375
1661 0.5839 0.3775 0.3375 0.0000 1.0000 2 3.375
1662 0.8518 0.2153 0.3804 0.0000 1.0000 0 3.500
1663 0.4938 0.3540 0.3045 0.0000 1.0000 10 4.250
1664 0.6286 0.3347 0.3071 0.0000 1.0000 2 4.375
1665 0.7286 0.3266 0.3500 0.0000 1.0000 0 4.875
1666 0.5268 0.3644 0.3125 0.0000 1.0000 1 3.875
1667 0.7643 0.2894 0.3464 0.0000 1.0000 0 3.250
1668 0.4518 0.3837 0.3482 0.0000 1.0000 1 3.000
1669 0.3652 0.3351 0.3152 0.0000 1.0000 6 4.000
1670 0.6080 0.3414 0.3098 0.0000 1.0000 1 5.125
1671 0.0661 0.1732 0.4518 0.0000 1.0000 0 3.375
1672 0.2446 0.3069 0.3661 0.0000 1.0000 5 3.125
1673 0.4018 0.3416 0.3054 0.0000 1.0000 0 3.875
1674 0.5857 0.3533 0.3179 0.0000 1.0000 1 4.000
1675 0.5893 0.3355 0.3036 0.0000 1.0000 0 4.250
1676 0.4188 0.3687 0.3277 0.0000 1.0000 2 4.000
1677 0.8429 0.2415 0.3857 0.0000 1.0000 0 4.250
1678 0.6911 0.3143 0.3089 0.0000 1.0000 0 4.750
1679 0.6205 0.3540 0.3205 0.0000 1.0000 0 4.000
1680 0.3241 0.3452 0.3438 0.0000 1.0000 0 3.125
1681 0.6920 0.3118 0.3152 0.0000 1.0000 1 4.000
1682 0.3857 0.3553 0.3214 0.0000 1.0000 2 3.875
1683 0.7420 0.3070 0.3527 0.0000 1.0000 0 4.125
1684 0.5232 0.3353 0.2839 0.0000 1.0000 15 3.125
1685 0.3187 0.3621 0.3705 0.0000 1.0000 1 3.250
1686 0.3384 0.3285 0.3241 0.0000 1.0000 6 3.375
1687 0.9321 0.1712 0.4500 0.2500 1.0000 0 4.125
1688 0.5732 0.3504 0.3054 0.0000 1.0000 0 4.625
1689 0.5107 0.3509 0.2929 0.0000 1.0000 0 4.000
1690 0.6312 0.3312 0.2991 0.0000 1.0000 0 4.000
1691 0.5839 0.3254 0.2768 0.0000 1.0000 1 4.625
1692 0.1250 0.2144 0.4036 0.0000 0.7500 0 3.750
1693 0.8982 0.1790 0.4054 0.2500 1.0000 0 4.000
1694 0.8464 0.2287 0.3821 0.0000 1.0000 0 3.750
1695 0.0437 0.1417 0.4670 0.0000 1.0000 0 3.875
1696 0.3027 0.3273 0.3384 0.0000 1.0000 2 4.125
1697 0.3634 0.3429 0.3205 0.0000 1.0000 1 3.875
1698 0.2036 0.2682 0.3643 0.0000 1.0000 1 4.375
1699 0.3554 0.3385 0.3232 0.0000 1.0000 1 3.125
1700 0.7250 0.3167 0.3429 0.0000 1.0000 0 3.875
1701 0.8643 0.2078 0.3821 0.0000 1.0000 0 4.625
1702 0.7509 0.2891 0.3384 0.0000 1.0000 0 4.000
1703 0.6321 0.3154 0.2893 0.0000 1.0000 2 3.875
1704 0.9071 0.2120 0.4429 0.0000 1.0000 0 3.500
1705 0.1446 0.2602 0.4143 0.0000 1.0000 0 4.750
1706 0.5589 0.3389 0.2946 0.0000 1.0000 2 4.000
1707 0.8929 0.1893 0.4071 0.0000 1.0000 0 3.625
1708 0.6821 0.3188 0.3179 0.0000 1.0000 1 3.500
1709 0.2946 0.3236 0.3411 0.0000 1.0000 0 3.750
1710 0.3161 0.3085 0.3089 0.0000 1.0000 5 3.750
1711 0.4259 0.3455 0.3080 0.0000 1.0000 1 3.625
1712 0.9250 0.1709 0.4357 0.2500 1.0000 0 3.625
1713 0.7393 0.2704 0.3071 0.0000 1.0000 2 4.250
1714 0.3268 0.3458 0.3518 0.0000 1.0000 2 2.875
1715 0.5045 0.3460 0.2902 0.0000 1.0000 2 3.750
1716 0.7804 0.2697 0.3446 0.0000 1.0000 0 3.875
1717 0.3018 0.3478 0.3589 0.0000 1.0000 1 3.875
1718 0.5071 0.3659 0.3107 0.0000 1.0000 0 3.750
1719 0.2723 0.3205 0.3545 0.0000 1.0000 0 2.875
1720 0.2304 0.3034 0.3589 0.0000 1.0000 2 3.375
1721 0.5250 0.3539 0.3000 0.0000 1.0000 1 3.750
1722 0.1643 0.2702 0.4000 0.0000 1.0000 0 4.125
1723 0.8330 0.2274 0.3688 0.0000 1.0000 0 3.875
1724 0.5491 0.3490 0.3080 0.0000 1.0000 0 4.500
1725 0.7562 0.2732 0.3187 0.0000 1.0000 1 4.125
1726 0.8589 0.2357 0.4018 0.0000 1.0000 0 3.250
1727 0.2893 0.3208 0.3429 0.0000 1.0000 2 4.500
1728 0.5884 0.3489 0.3063 0.0000 1.0000 0 3.375
1729 0.8545 0.2244 0.3848 0.0000 1.0000 0 3.125
1730 0.8955 0.2153 0.4295 0.0000 1.0000 0 3.750
1731 0.4464 0.3620 0.3214 0.0000 1.0000 2 3.750
1732 0.4384 0.3502 0.3080 0.0000 1.0000 2 4.625
1733 0.6670 0.3319 0.3205 0.0000 1.0000 0 3.250
1734 0.5045 0.3460 0.2938 0.0000 1.0000 3 4.375
1735 0.5804 0.3407 0.2946 0.0000 1.0000 3 3.750
1736 0.9571 0.1230 0.4607 0.2500 1.0000 0 3.500
1737 0.6911 0.3171 0.3161 0.0000 1.0000 0 4.125
1738 0.6232 0.3400 0.3125 0.0000 1.0000 0 3.750
1739 0.2589 0.3168 0.3518 0.0000 1.0000 2 4.125
1740 0.4589 0.3428 0.2946 0.0000 1.0000 1 3.750
1741 0.8214 0.2661 0.3786 0.0000 1.0000 0 3.750
1742 0.4482 0.3554 0.3089 0.0000 1.0000 0 2.750
1743 0.6741 0.3370 0.3366 0.0000 1.0000 1 4.250
1744 0.7161 0.3383 0.3589 0.0000 1.0000 0 4.125
1745 0.3321 0.3641 0.3607 0.0000 1.0000 2 3.875
1746 0.7027 0.3121 0.3134 0.0000 1.0000 2 3.750
1747 0.2643 0.3159 0.3571 0.0000 1.0000 0 4.125
1748 0.8259 0.2412 0.3652 0.0000 1.0000 0 3.875
1749 0.4607 0.3277 0.2607 0.0000 1.0000 1 3.625
1750 0.3982 0.3461 0.3071 0.0000 1.0000 2 4.500
1751 0.5277 0.3759 0.3223 0.0000 1.0000 2 3.875
1752 0.2589 0.3292 0.3625 0.0000 1.0000 2 4.750
1753 0.3982 0.3622 0.3339 0.0000 1.0000 0 3.750
1754 0.6946 0.3284 0.3268 0.0000 1.0000 0 3.000
1755 0.8982 0.1911 0.4161 0.2500 1.0000 0 4.250
1756 0.4000 0.3378 0.2929 0.0000 1.0000 0 3.750
1757 0.6054 0.3328 0.2946 0.0000 1.0000 2 2.875
1758 0.8857 0.2100 0.4071 0.0000 1.0000 0 4.000
1759 0.4098 0.3792 0.3491 0.0000 1.0000 1 4.125
1760 0.7982 0.2785 0.3661 0.0000 1.0000 0 3.500
1761 0.5214 0.3666 0.3179 0.0000 1.0000 2 3.750
1762 0.5938 0.3391 0.2920 0.0000 1.0000 0 5.250
1763 0.2482 0.3253 0.3732 0.0000 1.0000 0 4.125
1764 0.5366 0.3206 0.2723 0.0000 1.0000 2 3.875
1765 0.7125 0.3031 0.3196 0.0000 1.0000 0 4.375
1766 0.1804 0.2674 0.3768 0.0000 1.0000 5 3.500
1767 0.7696 0.2883 0.3518 0.0000 1.0000 1 4.000
1768 0.1679 0.2613 0.3857 0.0000 1.0000 5 3.125
1769 0.5946 0.3592 0.3161 0.0000 1.0000 2 5.000
1770 0.6554 0.3374 0.3161 0.0000 1.0000 7 3.750
1771 0.7027 0.3336 0.3455 0.0000 1.0000 0 4.875
1772 0.7589 0.2964 0.3518 0.0000 1.0000 0 3.750
1773 0.4839 0.3449 0.2875 0.0000 1.0000 2 3.875
1774 0.3446 0.3604 0.3482 0.0000 1.0000 2 3.375
1775 0.4714 0.3721 0.3250 0.0000 1.0000 1 4.750
1776 0.8500 0.2514 0.3964 0.0000 1.0000 0 3.625
1777 0.5304 0.3503 0.2946 0.0000 1.0000 2 4.125
1778 0.2571 0.3050 0.3482 0.0000 1.0000 6 4.375
1779 0.4786 0.3604 0.3107 0.0000 1.0000 4 2.875
1780 0.3929 0.3649 0.3393 0.0000 1.0000 0 4.125
1781 0.4893 0.3584 0.3107 0.0000 1.0000 1 3.250
1782 0.6036 0.3446 0.3036 0.0000 1.0000 2 4.125
1783 0.1000 0.2344 0.4464 0.0000 1.0000 0 3.250
1784 0.3491 0.3412 0.3205 0.0000 1.0000 2 4.500
1785 0.3705 0.3565 0.3366 0.0000 1.0000 1 3.125
1786 0.3634 0.3324 0.3134 0.0000 1.0000 3 3.625
1787 0.6304 0.3532 0.3250 0.0000 1.0000 0 3.500
1788 0.3321 0.3528 0.3464 0.0000 1.0000 2 3.875
1789 0.2607 0.3258 0.3679 0.0000 1.0000 0 3.500
1790 0.2375 0.3110 0.3661 0.0000 1.0000 2 3.000
1791 0.3214 0.3475 0.3500 0.0000 1.0000 0 3.250
1792 0.6286 0.3439 0.3071 0.0000 1.0000 0 4.500
1793 0.7429 0.3245 0.3679 0.0000 1.0000 0 3.750
1794 0.7625 0.2678 0.3196 0.0000 1.0000 0 4.000
1795 0.1518 0.2621 0.4089 0.0000 1.0000 0 3.250
1796 0.4375 0.3637 0.3232 0.0000 1.0000 0 4.000
1797 0.5107 0.3658 0.3214 0.0000 1.0000 1 4.000
1798 0.7125 0.3017 0.3196 0.0000 1.0000 1 4.000
1799 0.9500 0.1165 0.4500 0.5000 1.0000 0 3.625
1800 0.4768 0.3584 0.3089 0.0000 1.0000 1 3.750
1801 0.6223 0.3502 0.3187 0.0000 1.0000 2 4.125
1802 0.5464 0.3593 0.3107 0.0000 1.0000 0 3.750
1803 0.3964 0.3598 0.3214 0.0000 1.0000 0 4.375
1804 0.6482 0.3432 0.3268 0.0000 1.0000 0 3.500
1805 0.7911 0.2906 0.3732 0.0000 1.0000 0 3.375
1806 0.5232 0.3767 0.3268 0.0000 1.0000 0 4.125
1807 0.8357 0.2329 0.3714 0.2500 1.0000 0 3.500
1808 0.2161 0.2946 0.3732 0.0000 1.0000 6 3.500
1809 0.5286 0.3839 0.3429 0.0000 1.0000 2 3.875
1810 0.6071 0.3448 0.3071 0.0000 1.0000 0 2.875
1811 0.7312 0.3116 0.3384 0.0000 1.0000 0 4.500
1812 0.7268 0.3031 0.3268 0.0000 1.0000 0 4.125
1813 0.5571 0.3515 0.3000 0.0000 1.0000 2 4.000
1814 0.3857 0.3603 0.3321 0.0000 1.0000 4 4.625
1815 0.8286 0.2466 0.3786 0.0000 1.0000 0 4.000
1816 0.6107 0.3501 0.3214 0.0000 1.0000 1 3.750
1817 0.6964 0.3187 0.3214 0.0000 1.0000 2 3.500
1818 0.4607 0.3771 0.3321 0.0000 1.0000 3 3.375
1819 0.5875 0.3458 0.3018 0.0000 1.0000 2 4.250
1820 0.5580 0.3515 0.3009 0.0000 1.0000 0 4.000
1821 0.2661 0.2900 0.3232 0.0000 1.0000 6 4.375
1822 0.8911 0.1987 0.4125 0.0000 1.0000 0 3.875
1823 0.3723 0.3464 0.3170 0.0000 1.0000 1 3.875
1824 0.3804 0.3604 0.3411 0.0000 1.0000 2 3.625
1825 0.6571 0.3411 0.3250 0.0000 1.0000 0 4.500
1826 0.3625 0.3552 0.3375 0.0000 1.0000 2 4.125
1827 0.7125 0.2938 0.3143 0.0000 1.0000 0 3.875
1828 0.4545 0.3520 0.3045 0.0000 1.0000 2 3.375
1829 0.8964 0.1866 0.4071 0.2500 1.0000 0 3.875
1830 0.9518 0.1398 0.4625 0.2500 1.0000 0 4.500
1831 0.7054 0.2977 0.3054 0.0000 1.0000 0 3.750
1832 0.3196 0.3382 0.3304 0.0000 1.0000 2 3.750
1833 0.5446 0.3601 0.3161 0.0000 1.0000 0 2.875
1834 0.5321 0.3621 0.3071 0.0000 1.0000 2 3.625
1835 0.6080 0.3361 0.3009 0.0000 1.0000 0 3.750
1836 0.8411 0.2450 0.3839 0.0000 1.0000 0 2.875
1837 0.3491 0.3489 0.3366 0.0000 1.0000 0 4.500
1838 0.6554 0.3183 0.2875 0.0000 1.0000 0 3.250
1839 0.6205 0.3181 0.2777 0.0000 1.0000 1 4.000
1840 0.2768 0.3057 0.3339 0.0000 1.0000 0 4.000
1841 0.6125 0.3450 0.3089 0.0000 1.0000 2 3.750
1842 0.6902 0.3107 0.3152 0.0000 1.0000 0 3.625
1843 0.4089 0.3674 0.3268 0.0000 1.0000 2 4.000
1844 0.4429 0.3505 0.3036 0.0000 1.0000 2 4.625
1845 0.6161 0.3386 0.3054 0.0000 1.0000 2 3.875
1846 0.4071 0.3251 0.2893 0.0000 1.0000 2 4.750
1847 0.6000 0.3620 0.3286 0.0000 1.0000 0 3.375
1848 0.7679 0.2813 0.3500 0.0000 1.0000 0 4.625
1849 0.6205 0.3359 0.3063 0.0000 1.0000 0 4.500
1850 0.4786 0.3504 0.2929 0.0000 1.0000 2 3.875
1851 0.6446 0.3048 0.2804 0.0000 1.0000 0 3.750
1852 0.7580 0.2867 0.3509 0.0000 1.0000 1 4.750
1853 0.2589 0.3082 0.3518 0.0000 1.0000 2 3.375
1854 0.4518 0.3458 0.2875 0.0000 1.0000 2 3.375
1855 0.7616 0.2771 0.3330 0.0000 1.0000 0 4.250
1856 0.5179 0.3740 0.3250 0.0000 1.0000 0 4.250
1857 0.8884 0.1834 0.4027 0.2500 1.0000 0 3.750
1858 0.5750 0.3377 0.2893 0.0000 1.0000 0 3.000
1859 0.4357 0.3464 0.2964 0.0000 1.0000 0 4.750
1860 0.8321 0.2561 0.3821 0.0000 1.0000 0 3.625
1861 0.8536 0.2113 0.3821 0.2500 1.0000 0 3.625
1862 0.8321 0.2184 0.3571 0.2500 1.0000 0 3.500
1863 0.3357 0.3583 0.3536 0.0000 1.0000 0 3.000
1864 0.7696 0.2576 0.3268 0.0000 1.0000 1 4.000
1865 0.8911 0.1773 0.4018 0.2500 1.0000 0 3.375
1866 0.8446 0.2205 0.3732 0.0000 1.0000 2 3.625
1867 0.8357 0.2618 0.3964 0.0000 1.0000 0 3.750
1868 0.6321 0.3439 0.3179 0.0000 1.0000 0 4.250
1869 0.6455 0.3432 0.3223 0.0000 1.0000 1 4.125
1870 0.5054 0.3677 0.3232 0.0000 1.0000 2 3.875
1871 0.8286 0.2392 0.3679 0.0000 1.0000 0 5.250
1872 0.4696 0.3750 0.3304 0.0000 1.0000 2 3.375
1873 0.0982 0.2128 0.4375 0.0000 1.0000 0 4.625
1874 0.6223 0.3664 0.3455 0.0000 1.0000 0 3.875
1875 0.6714 0.3233 0.3107 0.0000 1.0000 0 4.000
1876 0.6062 0.3155 0.2795 0.0000 1.0000 0 3.375
1877 0.3143 0.3386 0.3357 0.0000 1.0000 0 3.250
1878 0.3652 0.3351 0.3170 0.0000 1.0000 1 3.625
1879 0.5768 0.3509 0.3054 0.0000 1.0000 1 4.000
1880 0.5339 0.3344 0.2804 0.0000 1.0000 1 4.500
1881 0.5429 0.3560 0.3071 0.0000 1.0000 2 3.000
1882 0.4196 0.3462 0.3018 0.0000 1.0000 0 3.750
1883 0.7286 0.2935 0.3214 0.0000 1.0000 0 3.500
1884 0.2830 0.3386 0.3563 0.0000 1.0000 4 4.625
1885 0.3161 0.3480 0.3518 0.0000 1.0000 4 4.625
1886 0.8071 0.2378 0.3429 0.0000 1.0000 2 4.125
1887 0.8277 0.2203 0.3563 0.2500 1.0000 1 4.125
1888 0.8134 0.2466 0.3545 0.0000 1.0000 0 2.875
1889 0.6768 0.3010 0.3018 0.0000 1.0000 0 4.750
1890 0.8304 0.2451 0.3804 0.0000 1.0000 0 3.625
1891 0.4268 0.3516 0.3089 0.0000 1.0000 6 4.250
1892 0.8446 0.2418 0.3911 0.0000 1.0000 0 4.000
1893 0.4321 0.3457 0.2964 0.0000 1.0000 2 3.875
1894 0.6893 0.3216 0.3321 0.0000 1.0000 0 4.250
1895 0.1161 0.2361 0.4268 0.0000 1.0000 0 4.250
1896 0.2857 0.3254 0.3393 0.0000 1.0000 4 3.625
1897 0.2848 0.3250 0.3420 0.0000 1.0000 2 3.625
1898 0.5036 0.3610 0.3036 0.0000 1.0000 5 4.625
1899 0.7786 0.2691 0.3357 0.0000 1.0000 0 3.250
1900 0.8152 0.2585 0.3652 0.0000 1.0000 0 4.000
1901 0.6143 0.3372 0.2964 0.0000 1.0000 0 3.250
1902 0.3161 0.3085 0.3125 0.0000 1.0000 1 4.000
1903 0.2982 0.3483 0.3589 0.0000 1.0000 2 3.250
1904 0.6786 0.3304 0.3286 0.0000 1.0000 1 3.250
1905 0.7304 0.3019 0.3304 0.0000 1.0000 0 4.625
1906 0.5214 0.3617 0.3143 0.0000 1.0000 2 4.750
1907 0.9446 0.1339 0.4482 0.2500 1.0000 0 3.625
1908 0.7116 0.3105 0.3312 0.0000 1.0000 1 3.500
1909 0.8518 0.2370 0.3946 0.0000 1.0000 0 4.000
1910 0.9339 0.1452 0.4375 0.2500 1.0000 0 3.250
1911 0.2062 0.2553 0.3455 0.0000 1.0000 3 3.750
1912 0.1527 0.2714 0.4152 0.0000 1.0000 0 3.500
1913 0.1036 0.2091 0.4250 0.0000 1.0000 0 3.750
1914 0.5750 0.3416 0.2857 0.0000 1.0000 2 3.875
1915 0.5634 0.3295 0.2902 0.0000 1.0000 2 4.125
1916 0.8125 0.2884 0.3946 0.0000 1.0000 1 3.375
1917 0.6411 0.3397 0.3125 0.0000 1.0000 2 3.125
1918 0.3759 0.3584 0.3312 0.0000 1.0000 0 3.625
1919 0.4732 0.3594 0.3018 0.0000 1.0000 1 4.125
1920 0.2607 0.3118 0.3571 0.0000 1.0000 2 3.750
1921 0.7143 0.3056 0.3250 0.0000 1.0000 0 3.750
1922 0.4357 0.3603 0.3107 0.0000 1.0000 2 3.750
1923 0.6402 0.3473 0.3348 0.0000 1.0000 0 4.000
1924 0.3893 0.3687 0.3393 0.0000 1.0000 2 4.750
1925 0.3107 0.3559 0.3607 0.0000 1.0000 2 3.500
1926 0.1339 0.2361 0.4089 0.0000 1.0000 0 3.625
1927 0.7214 0.2898 0.3143 0.0000 1.0000 0 4.250
1928 0.6411 0.3276 0.3054 0.0000 1.0000 0 4.625
1929 0.2982 0.3089 0.3232 0.0000 1.0000 0 3.750
1930 0.7196 0.2965 0.3161 0.0000 1.0000 1 4.125
1931 0.8170 0.2457 0.3634 0.0000 1.0000 0 3.875
1932 0.7625 0.2856 0.3411 0.0000 1.0000 0 3.125
1933 0.4393 0.3621 0.3179 0.0000 1.0000 1 3.500
1934 0.3661 0.3541 0.3268 0.0000 1.0000 2 3.500
1935 0.5911 0.3317 0.2911 0.0000 1.0000 0 4.125
1936 0.3554 0.3697 0.3589 0.0000 1.0000 1 4.000
1937 0.7170 0.2949 0.3098 0.0000 1.0000 0 3.500
1938 0.2625 0.3514 0.3946 0.0000 1.0000 1 3.875
1939 0.5955 0.3458 0.3134 0.0000 1.0000 2 3.500
1940 0.1643 0.2648 0.3946 0.0000 1.0000 0 2.750
1941 0.6518 0.2998 0.2839 0.0000 1.0000 0 3.625
1942 0.6955 0.3138 0.3223 0.0000 1.0000 0 4.000
1943 0.2902 0.3450 0.3670 0.0000 1.0000 1 3.625
1944 0.6411 0.3406 0.3250 0.0000 1.0000 0 3.375
1945 0.6839 0.3227 0.3268 0.0000 1.0000 0 3.375
1946 0.6571 0.3223 0.3036 0.0000 1.0000 2 4.000
1947 0.8688 0.2213 0.4009 0.0000 1.0000 0 4.125
1948 0.5304 0.3516 0.2982 0.0000 1.0000 1 2.750
1949 0.9643 0.1101 0.4679 0.2500 1.0000 0 3.875
1950 0.4750 0.3277 0.2750 0.0000 1.0000 1 4.875
1951 0.3223 0.3410 0.3402 0.0000 1.0000 2 3.375
1952 0.7679 0.2582 0.3214 0.0000 1.0000 0 4.375
1953 0.5741 0.3471 0.2955 0.0000 1.0000 0 4.375
1954 0.7429 0.2972 0.3321 0.0000 1.0000 1 3.875
1955 0.3670 0.3338 0.3241 0.0000 1.0000 2 3.625
1956 0.1205 0.1967 0.4045 0.0000 1.0000 1 4.500
1957 0.7000 0.3006 0.3071 0.0000 1.0000 2 4.625
1958 0.1250 0.2324 0.4143 0.0000 1.0000 0 3.875
1959 0.3518 0.3313 0.3054 0.0000 1.0000 5 4.500
1960 0.6161 0.3541 0.3196 0.0000 1.0000 0 4.375
1961 0.7429 0.2846 0.3196 0.0000 1.0000 0 3.625
1962 0.7107 0.3051 0.3143 0.0000 1.0000 0 4.000
1963 0.2661 0.3245 0.3607 0.0000 1.0000 2 3.500
1964 0.4214 0.3574 0.3143 0.0000 1.0000 2 3.375
1965 0.4679 0.3257 0.2714 0.0000 1.0000 2 3.875
1966 0.8286 0.2555 0.3857 0.0000 1.0000 1 4.000
1967 0.5946 0.3297 0.2929 0.0000 1.0000 0 4.500
1968 0.4223 0.3502 0.3045 0.0000 1.0000 2 3.375
1969 0.3143 0.3578 0.3607 0.0000 1.0000 2 4.125
1970 0.3786 0.3307 0.2964 0.0000 1.0000 1 4.000
1971 0.8964 0.2091 0.4250 0.0000 1.0000 0 3.500
1972 0.4902 0.3708 0.3241 0.0000 1.0000 0 4.125
1973 0.5304 0.3604 0.3054 0.0000 1.0000 0 3.500
1974 0.7170 0.2934 0.3063 0.0000 1.0000 2 3.500
1975 0.1018 0.2194 0.4304 0.0000 1.0000 0 2.500
1976 0.3750 0.3400 0.3071 0.0000 1.0000 1 4.625
1977 0.4920 0.3381 0.2884 0.0000 1.0000 2 3.500
1978 0.6964 0.3243 0.3250 0.0000 1.0000 0 3.500
1979 0.9179 0.1594 0.4286 0.0000 1.0000 0 3.750
1980 0.4554 0.3651 0.3232 0.0000 1.0000 2 4.000
1981 0.8920 0.1855 0.4027 0.2500 1.0000 0 4.000
1982 0.6411 0.3137 0.2911 0.0000 1.0000 0 3.750
1983 0.5384 0.3684 0.3205 0.0000 1.0000 2 4.125
1984 0.4545 0.3620 0.3098 0.0000 1.0000 1 3.125
1985 0.4839 0.3686 0.3196 0.0000 1.0000 2 3.875
1986 0.8116 0.2498 0.3598 0.0000 1.0000 0 4.750
1987 0.7536 0.2835 0.3321 0.0000 1.0000 0 4.500
1988 0.6518 0.3481 0.3268 0.0000 1.0000 0 3.750
1989 0.7277 0.2859 0.3063 0.0000 1.0000 0 3.875
1990 0.7741 0.2714 0.3348 0.0000 1.0000 0 4.500
1991 0.1705 0.2804 0.4045 0.0000 1.0000 0 4.125
1992 0.4098 0.3605 0.3205 0.0000 1.0000 2 3.250
1993 0.6107 0.3407 0.3125 0.0000 1.0000 2 4.375
1994 0.4286 0.3109 0.2607 0.0000 1.0000 2 4.250
1995 0.6089 0.3397 0.2982 0.0000 1.0000 2 4.500
1996 0.6446 0.3177 0.2946 0.0000 1.0000 1 3.500
1997 0.5321 0.3609 0.3071 0.0000 1.0000 0 4.500
1998 0.3482 0.3442 0.3304 0.0000 1.0000 0 3.625
1999 0.2875 0.3231 0.3482 0.0000 1.0000 1 3.875
2000 0.6661 0.3128 0.2982 0.0000 1.0000 0 3.875
2001 0.4955 0.3679 0.3170 0.0000 1.0000 1 4.125
2002 0.9304 0.1583 0.4375 0.2500 1.0000 0 4.000
2003 0.7250 0.2902 0.3143 0.0000 1.0000 0 3.750
2004 0.8955 0.1899 0.4134 0.2500 1.0000 0 3.750
2005 0.8786 0.1925 0.3964 0.2500 1.0000 0 3.875
2006 0.5357 0.3466 0.3000 0.0000 1.0000 0 3.750
2007 0.6089 0.3397 0.3018 0.0000 1.0000 0 4.625
2008 0.5268 0.3393 0.2821 0.0000 1.0000 1 3.125
2009 0.6375 0.3318 0.3125 0.0000 1.0000 0 4.250
2010 0.5464 0.3401 0.2929 0.0000 1.0000 1 4.375
2011 0.1786 0.2711 0.3893 0.0000 1.0000 0 4.000
2012 0.3821 0.3373 0.3036 0.0000 1.0000 1 4.125
2013 0.7446 0.3083 0.3482 0.0000 1.0000 0 3.875
2014 0.4339 0.3467 0.2946 0.0000 1.0000 0 5.500
2015 0.7402 0.2973 0.3402 0.0000 1.0000 0 3.375
2016 0.7571 0.2850 0.3357 0.0000 1.0000 0 4.000
2017 0.4777 0.3466 0.2955 0.0000 1.0000 2 4.250
2018 0.7107 0.3166 0.3214 0.0000 1.0000 0 4.125
2019 0.4196 0.3552 0.3054 0.0000 1.0000 2 3.000
2020 0.7554 0.3025 0.3518 0.0000 1.0000 0 3.250
2021 0.4643 0.3492 0.3000 0.0000 1.0000 0 3.500
2022 0.8929 0.1845 0.4071 0.0000 1.0000 0 3.625
2023 0.5964 0.3670 0.3339 0.0000 1.0000 1 2.750
2024 0.3455 0.3189 0.2973 0.0000 1.0000 10 4.375
2025 0.6366 0.3370 0.3152 0.0000 1.0000 0 4.875
2026 0.5982 0.3363 0.2911 0.0000 1.0000 1 3.625
2027 0.5929 0.3359 0.3000 0.0000 1.0000 2 3.750
2028 0.3839 0.3451 0.3161 0.0000 1.0000 2 4.000
2029 0.2982 0.3392 0.3518 0.0000 1.0000 2 4.500
2030 0.1357 0.2360 0.4071 0.0000 1.0000 2 4.375
2031 0.5768 0.3597 0.3125 0.0000 1.0000 0 3.750
2032 0.7759 0.2918 0.3616 0.0000 1.0000 0 3.875
2033 0.4179 0.3566 0.3143 0.0000 1.0000 0 3.375
2034 0.6804 0.3355 0.3304 0.0000 1.0000 1 3.250
2035 0.5875 0.3484 0.2982 0.0000 1.0000 2 4.125
2036 0.5214 0.3629 0.3143 0.0000 1.0000 0 3.250
2037 0.8500 0.2022 0.3571 0.2500 1.0000 0 4.250
2038 0.5616 0.3578 0.3134 0.0000 1.0000 1 4.000
2039 0.7250 0.3022 0.3286 0.0000 1.0000 0 4.000
2040 0.3571 0.3422 0.3286 0.0000 1.0000 0 3.875
2041 0.5045 0.3254 0.2705 0.0000 1.0000 2 4.375
2042 0.6259 0.3386 0.3045 0.0000 1.0000 0 3.250
2043 0.4643 0.3427 0.2929 0.0000 1.0000 0 4.125
2044 0.3179 0.3405 0.3357 0.0000 1.0000 3 4.000
2045 0.6304 0.3252 0.2875 0.0000 1.0000 1 3.750
2046 0.6196 0.3374 0.3054 0.0000 1.0000 2 3.875
2047 0.1339 0.2398 0.4125 0.0000 1.0000 1 3.750
2048 0.4795 0.3493 0.2955 0.0000 1.0000 2 3.250
2049 0.2134 0.2975 0.3759 0.0000 1.0000 2 4.125
2050 0.6071 0.3262 0.2893 0.0000 1.0000 0 2.625
2051 0.3554 0.3549 0.3375 0.0000 1.0000 0 4.000
2052 0.7179 0.3160 0.3357 0.0000 1.0000 0 3.500
2053 0.6696 0.3263 0.3125 0.0000 1.0000 0 4.250
2054 0.6259 0.3457 0.3187 0.0000 1.0000 0 4.000
2055 0.3929 0.3422 0.3071 0.0000 1.0000 2 3.500
2056 0.7214 0.3233 0.3500 0.0000 1.0000 0 3.875
2057 0.6286 0.3310 0.2982 0.0000 1.0000 1 4.000
2058 0.6804 0.3106 0.3018 0.0000 1.0000 4 3.250
2059 0.6321 0.3279 0.2964 0.0000 1.0000 0 3.125
2060 0.8161 0.2420 0.3518 0.0000 1.0000 4 4.125
2061 0.7250 0.3181 0.3393 0.0000 1.0000 0 4.625
2062 0.4938 0.3530 0.3027 0.0000 1.0000 2 3.125
2063 0.4795 0.3279 0.2687 0.0000 1.0000 1 3.000
2064 0.3929 0.3461 0.3143 0.0000 1.0000 0 4.125
2065 0.4411 0.3467 0.2946 0.0000 1.0000 5 3.500
2066 0.2411 0.3097 0.3661 0.0000 1.0000 0 3.625
2067 0.5089 0.3464 0.2911 0.0000 1.0000 2 3.750
2068 0.7107 0.3037 0.3214 0.0000 1.0000 2 3.875
2069 0.5804 0.3475 0.3018 0.0000 1.0000 0 4.500
2070 0.9402 0.1542 0.4509 0.0000 1.0000 0 3.625
2071 0.3000 0.3262 0.3357 0.0000 1.0000 0 3.375
2072 0.6643 0.3088 0.3000 0.0000 1.0000 1 3.625
2073 0.4286 0.3842 0.3393 0.0000 1.0000 1 3.500
2074 0.2393 0.3146 0.3714 0.0000 1.0000 2 5.125
2075 0.6393 0.3277 0.3000 0.0000 1.0000 3 4.750
2076 0.4036 0.3492 0.3107 0.0000 1.0000 2 4.250
2077 0.5687 0.3502 0.2973 0.0000 1.0000 0 4.250
2078 0.7723 0.2836 0.3509 0.0000 1.0000 0 3.750
2079 0.4848 0.3559 0.3080 0.0000 1.0000 4 4.500
2080 0.7107 0.3166 0.3286 0.0000 1.0000 0 5.375
2081 0.6125 0.3514 0.3089 0.0000 1.0000 1 3.625
2082 0.8277 0.2263 0.3527 0.0000 1.0000 0 3.375
2083 0.2214 0.3178 0.3929 0.0000 1.0000 1 3.250
2084 0.1982 0.3084 0.4018 0.0000 1.0000 2 5.375
2085 0.8179 0.2479 0.3643 0.0000 1.0000 0 3.750
2086 0.2071 0.3119 0.3964 0.0000 1.0000 2 4.000
2087 0.9446 0.1404 0.4482 0.2500 1.0000 0 4.750
2088 0.6393 0.3180 0.3000 0.0000 1.0000 1 3.875
2089 0.3161 0.3326 0.3286 0.0000 1.0000 5 3.250
2090 0.3607 0.3344 0.3036 0.0000 1.0000 2 3.875
2091 0.4536 0.3618 0.3179 0.0000 1.0000 1 3.375
2092 0.4536 0.3492 0.2964 0.0000 1.0000 1 3.750
2093 0.6161 0.3346 0.3018 0.0000 1.0000 0 4.125
2094 0.3670 0.3469 0.3241 0.0000 1.0000 6 3.500
2095 0.7054 0.2610 0.2804 0.0000 1.0000 0 3.750
2096 0.4161 0.3467 0.2982 0.0000 1.0000 3 3.125
2097 0.4643 0.3727 0.3357 0.0000 1.0000 2 3.875
2098 0.3643 0.3603 0.3357 0.0000 1.0000 3 3.375
2099 0.2018 0.2753 0.3625 0.0000 1.0000 0 3.875
2100 0.7330 0.2871 0.3170 0.0000 1.0000 0 3.875
2101 0.2286 0.2920 0.3643 0.0000 1.0000 0 3.000
2102 0.5375 0.3458 0.2839 0.0000 1.0000 2 3.250
2103 0.4964 0.3314 0.2679 0.0000 1.0000 1 4.500
2104 0.3937 0.3585 0.3223 0.0000 1.0000 2 3.625
2105 0.4464 0.3620 0.3179 0.0000 1.0000 2 3.500
2106 0.1991 0.2877 0.3848 0.0000 1.0000 3 3.000
2107 0.9321 0.1548 0.4429 0.0000 1.0000 0 4.125
2108 0.4152 0.3342 0.2866 0.0000 1.0000 3 4.250
2109 0.5107 0.3559 0.2964 0.0000 1.0000 0 4.750
2110 0.4786 0.3504 0.2929 0.0000 1.0000 2 4.250
2111 0.1750 0.2892 0.4071 0.0000 1.0000 0 3.250
2112 0.3232 0.3417 0.3357 0.0000 1.0000 0 4.000
2113 0.8732 0.2165 0.4018 0.0000 1.0000 0 3.625
2114 0.2643 0.3159 0.3500 0.0000 1.0000 0 3.000
2115 0.6571 0.3502 0.3429 0.0000 1.0000 0 3.875
2116 0.8071 0.2594 0.3643 0.0000 1.0000 2 3.875
2117 0.3446 0.3503 0.3375 0.0000 1.0000 0 3.875
2118 0.2080 0.3064 0.3920 0.0000 1.0000 2 4.500
2119 0.5286 0.3369 0.2821 0.0000 1.0000 2 3.750
2120 0.1286 0.2206 0.4071 0.0000 1.0000 5 2.875
2121 0.7705 0.2790 0.3438 0.0000 1.0000 1 3.750
2122 0.9107 0.1938 0.4321 0.2500 1.0000 0 4.250
2123 0.1607 0.2723 0.4071 0.0000 1.0000 0 3.875
2124 0.8000 0.2659 0.3571 0.0000 1.0000 1 3.375
2125 0.3277 0.3515 0.3491 0.0000 1.0000 2 3.375
2126 0.9054 0.1804 0.4161 0.2500 1.0000 0 4.250
2127 0.4330 0.3375 0.2955 0.0000 1.0000 2 3.250
2128 0.7250 0.2963 0.3179 0.0000 1.0000 0 4.125
2129 0.8571 0.2158 0.3857 0.0000 1.0000 0 3.500
2130 0.3982 0.3668 0.3411 0.0000 1.0000 2 3.500
2131 0.4768 0.3547 0.3089 0.0000 1.0000 2 4.000
2132 0.5393 0.3747 0.3393 0.0000 1.0000 1 3.250
2133 0.2554 0.3141 0.3518 0.0000 1.0000 2 3.375
2134 0.2196 0.3054 0.3768 0.0000 1.0000 0 3.750
2135 0.7821 0.2602 0.3286 0.0000 1.0000 0 3.250
2136 0.2696 0.3288 0.3589 0.0000 1.0000 2 4.625
2137 0.9714 0.0901 0.4714 0.5000 1.0000 0 4.000
2138 0.3580 0.3247 0.3045 0.0000 1.0000 4 3.375
2139 0.1821 0.2816 0.3929 0.0000 1.0000 0 4.750
2140 0.6687 0.3344 0.3259 0.0000 1.0000 2 3.750
2141 0.4857 0.3645 0.3107 0.0000 1.0000 2 3.500
2142 0.8500 0.2232 0.3821 0.0000 1.0000 5 3.500
2143 0.4652 0.3152 0.2616 0.0000 1.0000 13 4.125
2144 0.5455 0.3633 0.3134 0.0000 1.0000 2 3.250
2145 0.5402 0.3583 0.3045 0.0000 1.0000 1 3.750
2146 0.5179 0.3581 0.3036 0.0000 1.0000 0 4.875
2147 0.6964 0.3044 0.3107 0.0000 1.0000 1 4.000
2148 0.7089 0.3027 0.3161 0.0000 1.0000 0 4.000
2149 0.6911 0.3282 0.3268 0.0000 1.0000 0 2.875
2150 0.5714 0.3437 0.2929 0.0000 1.0000 1 5.000
2151 0.7536 0.2755 0.3143 0.0000 1.0000 0 4.500
2152 0.6777 0.3116 0.3098 0.0000 1.0000 4 4.000
2153 0.4839 0.3513 0.2839 0.0000 1.0000 2 4.000
2154 0.6312 0.3298 0.2991 0.0000 1.0000 2 3.750
2155 0.6607 0.3121 0.2964 0.0000 1.0000 0 4.250
2156 0.4848 0.3609 0.3152 0.0000 1.0000 1 3.500
2157 0.5473 0.3550 0.3116 0.0000 1.0000 1 4.125
2158 0.7125 0.3133 0.3304 0.0000 1.0000 1 3.375
2159 0.7134 0.2997 0.3116 0.0000 1.0000 1 3.250
2160 0.6125 0.3463 0.3196 0.0000 1.0000 0 3.750
2161 0.8250 0.2617 0.3786 0.0000 1.0000 0 4.375
2162 0.5143 0.3507 0.3000 0.0000 1.0000 2 4.500
2163 0.6991 0.3256 0.3295 0.0000 1.0000 0 3.625
2164 0.4009 0.3402 0.3045 0.0000 1.0000 2 3.875
2165 0.1929 0.2856 0.3893 0.0000 1.0000 3 4.750
2166 0.5375 0.3017 0.2411 0.0000 1.0000 1 3.500
2167 0.1821 0.2670 0.3821 0.0000 1.0000 0 4.375
2168 0.4571 0.3522 0.3036 0.0000 1.0000 1 5.625
2169 0.3482 0.3442 0.3304 0.0000 1.0000 2 5.125
2170 0.3482 0.3350 0.3196 0.0000 1.0000 5 4.250
2171 0.9321 0.1428 0.4357 0.2500 1.0000 0 4.125
2172 0.3937 0.3708 0.3384 0.0000 1.0000 1 3.250
2173 0.3357 0.3391 0.3321 0.0000 1.0000 0 4.625
2174 0.9420 0.1519 0.4527 0.0000 1.0000 0 3.750
2175 0.2107 0.2886 0.3679 0.0000 1.0000 0 3.625
2176 0.6214 0.3413 0.3071 0.0000 1.0000 0 3.875
2177 0.5375 0.3707 0.3161 0.0000 1.0000 2 3.375
2178 0.4911 0.3373 0.2732 0.0000 1.0000 2 4.250
2179 0.3089 0.3157 0.3232 0.0000 1.0000 2 4.000
2180 0.9589 0.1142 0.4625 0.2500 1.0000 0 4.000
2181 0.6875 0.3289 0.3232 0.0000 1.0000 0 3.875
2182 0.7196 0.3112 0.3268 0.0000 1.0000 0 3.875
2183 0.2580 0.3233 0.3634 0.0000 1.0000 5 3.125
2184 0.7786 0.2519 0.3321 0.0000 1.0000 2 4.250
2185 0.3196 0.3424 0.3482 0.0000 1.0000 3 3.500
2186 0.5696 0.3511 0.3018 0.0000 1.0000 1 3.375
2187 0.4196 0.3501 0.2982 0.0000 1.0000 2 3.750
2188 0.3054 0.3191 0.3304 0.0000 1.0000 1 3.250
2189 0.6045 0.3541 0.3152 0.0000 1.0000 0 4.125
2190 0.7982 0.2389 0.3375 0.0000 1.0000 0 3.375
2191 0.7054 0.3166 0.3339 0.0000 1.0000 0 3.125
2192 0.8304 0.2281 0.3589 0.0000 1.0000 0 3.500
2193 0.7357 0.2831 0.3143 0.0000 1.0000 0 4.750
2194 0.6268 0.3307 0.2946 0.0000 1.0000 0 3.500
2195 0.4839 0.3410 0.2875 0.0000 1.0000 1 3.500
2196 0.8661 0.2471 0.4196 0.0000 1.0000 0 3.375
2197 0.5500 0.3538 0.3036 0.0000 1.0000 2 4.375
2198 0.5241 0.3465 0.2866 0.0000 1.0000 2 4.125
2199 0.4170 0.3710 0.3330 0.0000 1.0000 0 3.250
2200 0.2259 0.3211 0.3848 0.0000 1.0000 2 3.625
2201 0.0982 0.2128 0.4339 0.0000 1.0000 1 3.750
2202 0.4634 0.3531 0.3045 0.0000 1.0000 3 4.500
2203 0.6821 0.3457 0.3429 0.0000 1.0000 1 4.125
2204 0.8000 0.2659 0.3679 0.0000 1.0000 2 3.125
2205 0.5973 0.3401 0.2955 0.0000 1.0000 2 3.500
2206 0.3268 0.3313 0.3268 0.0000 1.0000 0 3.500
2207 0.7446 0.2965 0.3411 0.0000 1.0000 0 4.000
2208 0.6384 0.3390 0.3045 0.0000 1.0000 0 3.875
2209 0.3911 0.3650 0.3304 0.0000 1.0000 1 3.250
2210 0.6375 0.3264 0.3054 0.0000 1.0000 1 3.375
2211 0.7589 0.2964 0.3625 0.0000 1.0000 0 3.375
2212 0.5304 0.3762 0.3268 0.0000 1.0000 1 4.125
2213 0.7348 0.2864 0.3241 0.0000 1.0000 2 3.750
2214 0.4768 0.3445 0.3018 0.0000 1.0000 1 4.125
2215 0.7161 0.3151 0.3339 0.0000 1.0000 0 3.625
2216 0.4214 0.3648 0.3250 0.0000 1.0000 2 3.500
2217 0.5464 0.3581 0.3107 0.0000 1.0000 2 3.125
2218 0.7607 0.2848 0.3429 0.0000 1.0000 0 4.875
2219 0.4125 0.3610 0.3232 0.0000 1.0000 1 2.375
2220 0.6991 0.3151 0.3241 0.0000 1.0000 1 3.875
2221 0.5107 0.3670 0.3143 0.0000 1.0000 2 4.125
2222 0.6991 0.3130 0.3152 0.0000 1.0000 2 3.750
2223 0.3071 0.3278 0.3357 0.0000 1.0000 1 3.250
2224 0.4232 0.3483 0.3018 0.0000 1.0000 6 3.875
2225 0.4446 0.3486 0.3018 0.0000 1.0000 0 4.500
2226 0.2911 0.3322 0.3518 0.0000 1.0000 2 4.000
2227 0.9018 0.2210 0.4375 0.0000 1.0000 0 4.375
2228 0.4929 0.3634 0.3071 0.0000 1.0000 1 2.875
2229 0.6000 0.3546 0.3250 0.0000 1.0000 0 3.750
2230 0.5196 0.3473 0.2839 0.0000 1.0000 1 3.750
2231 0.8143 0.2662 0.3714 0.0000 1.0000 0 4.125
2232 0.6696 0.3222 0.3125 0.0000 1.0000 2 4.250
2233 0.3143 0.3399 0.3464 0.0000 1.0000 2 5.375
2234 0.2661 0.3065 0.3339 0.0000 1.0000 0 3.375
2235 0.9107 0.1838 0.4250 0.2500 1.0000 0 2.875
2236 0.4536 0.3543 0.3000 0.0000 1.0000 0 3.625
2237 0.5750 0.3442 0.2929 0.0000 1.0000 0 3.875
2238 0.6241 0.3346 0.3063 0.0000 1.0000 0 4.750
2239 0.3750 0.3558 0.3250 0.0000 1.0000 0 3.500
2240 0.4446 0.3574 0.3125 0.0000 1.0000 2 2.875
2241 0.1589 0.2790 0.4161 0.0000 1.0000 0 4.500
2242 0.7000 0.3122 0.3250 0.0000 1.0000 0 3.750
2243 0.2580 0.3294 0.3688 0.0000 1.0000 1 3.250
2244 0.9509 0.1265 0.4580 0.2500 1.0000 0 4.375
2245 0.4536 0.3441 0.2893 0.0000 1.0000 2 4.375
2246 0.6732 0.3089 0.2839 0.0000 1.0000 0 3.625
2247 0.8393 0.2217 0.3714 0.0000 1.0000 1 3.125
2248 0.8964 0.1817 0.4143 0.0000 1.0000 0 3.250
2249 0.3634 0.3532 0.3295 0.0000 1.0000 2 4.125
2250 0.1518 0.2634 0.4089 0.0000 1.0000 0 3.500
2251 0.6732 0.3203 0.3089 0.0000 1.0000 1 4.000
2252 0.7589 0.2825 0.3339 0.0000 1.0000 0 4.000
2253 0.6393 0.3152 0.2821 0.0000 1.0000 0 2.875
2254 0.7411 0.2979 0.3339 0.0000 1.0000 0 4.125
2255 0.4768 0.3272 0.2732 0.0000 1.0000 10 3.375
2256 0.4446 0.3447 0.2911 0.0000 1.0000 2 4.750
2257 0.4357 0.3346 0.2893 0.0000 1.0000 1 4.500
2258 0.7696 0.2929 0.3518 0.0000 1.0000 2 3.750
2259 0.6089 0.3588 0.3232 0.0000 1.0000 2 3.875
2260 0.4393 0.3754 0.3393 0.0000 1.0000 2 4.375
2261 0.3384 0.3366 0.3205 0.0000 1.0000 2 3.625
2262 0.6545 0.3386 0.3152 0.0000 1.0000 0 4.125
2263 0.7116 0.2920 0.3116 0.0000 1.0000 1 3.875
2264 0.7857 0.2764 0.3536 0.0000 1.0000 0 3.125
2265 0.6661 0.3441 0.3232 0.0000 1.0000 0 4.625
2266 0.3893 0.3304 0.2929 0.0000 1.0000 5 3.875
2267 0.6411 0.3249 0.2982 0.0000 1.0000 1 4.000
2268 0.5429 0.3419 0.2929 0.0000 1.0000 0 4.250
2269 0.6107 0.3450 0.3143 0.0000 1.0000 0 4.250
2270 0.5536 0.3620 0.3107 0.0000 1.0000 0 4.250
2271 0.5911 0.3436 0.2982 0.0000 1.0000 1 3.750
2272 0.4357 0.3438 0.2964 0.0000 1.0000 2 4.500
2273 0.8071 0.2611 0.3607 0.0000 1.0000 0 4.375
2274 0.9232 0.1714 0.4339 0.2500 1.0000 0 3.375
2275 0.9071 0.1826 0.4250 0.2500 1.0000 1 3.250
2276 0.6821 0.3030 0.2964 0.0000 1.0000 0 3.875
2277 0.2938 0.3280 0.3402 0.0000 1.0000 2 3.625
2278 0.6714 0.3219 0.3107 0.0000 1.0000 0 3.500
2279 0.6518 0.3158 0.2982 0.0000 1.0000 1 4.375
2280 0.4893 0.3609 0.3036 0.0000 1.0000 2 4.500
2281 0.9018 0.1906 0.4232 0.0000 1.0000 0 3.625
2282 0.1205 0.2568 0.4366 0.0000 1.0000 0 3.250
2283 0.8518 0.2444 0.3982 0.0000 1.0000 0 3.125
2284 0.4973 0.3840 0.3420 0.0000 1.0000 2 3.375
2285 0.6929 0.3209 0.3214 0.0000 1.0000 0 4.250
2286 0.7661 0.2742 0.3411 0.0000 1.0000 0 4.125
2287 0.7643 0.2719 0.3286 0.0000 1.0000 2 3.625
2288 0.7661 0.2838 0.3446 0.0000 1.0000 0 4.625
2289 0.4080 0.3544 0.3152 0.0000 1.0000 1 4.000
2290 0.7304 0.3019 0.3304 0.0000 1.0000 0 4.000
2291 0.5804 0.3642 0.3321 0.0000 1.0000 2 3.125
2292 0.1946 0.2836 0.3768 0.0000 1.0000 0 4.375
2293 0.4714 0.3624 0.3250 0.0000 1.0000 1 4.000
2294 0.2259 0.2958 0.3652 0.0000 1.0000 0 3.875
2295 0.7625 0.2887 0.3446 0.0000 1.0000 1 3.125
2296 0.6571 0.3110 0.2929 0.0000 1.0000 0 3.875
2297 0.5250 0.3539 0.3000 0.0000 1.0000 1 3.625
2298 0.3482 0.3582 0.3518 0.0000 1.0000 3 4.000
2299 0.7107 0.3095 0.3250 0.0000 1.0000 2 3.500
2300 0.4607 0.3614 0.3143 0.0000 1.0000 1 4.000
2301 0.5696 0.3473 0.2875 0.0000 1.0000 1 3.875
2302 0.8679 0.2205 0.4000 0.0000 1.0000 0 3.750
2303 0.8804 0.2080 0.4054 0.2500 1.0000 0 4.000
2304 0.2964 0.3428 0.3571 0.0000 1.0000 0 3.375
2305 0.6009 0.3551 0.3259 0.0000 1.0000 0 3.500
2306 0.4821 0.3581 0.3036 0.0000 1.0000 2 3.750
2307 0.5018 0.3491 0.2946 0.0000 1.0000 1 4.750
2308 0.5304 0.3452 0.2911 0.0000 1.0000 0 4.125
2309 0.4250 0.3619 0.3250 0.0000 1.0000 1 4.375
2310 0.4071 0.3688 0.3321 0.0000 1.0000 0 3.750
2311 0.4714 0.3636 0.3143 0.0000 1.0000 2 4.250
2312 0.6750 0.3255 0.3214 0.0000 1.0000 0 4.125
2313 0.5545 0.3527 0.3027 0.0000 1.0000 0 4.375
2314 0.4839 0.3699 0.3196 0.0000 1.0000 2 3.875
2315 0.7446 0.2935 0.3268 0.0000 1.0000 0 3.375
2316 0.8000 0.2574 0.3536 0.0000 1.0000 2 3.625
2317 0.7161 0.3262 0.3482 0.0000 1.0000 2 3.875
2318 0.5982 0.3481 0.3161 0.0000 1.0000 1 4.125
2319 0.6804 0.3233 0.3196 0.0000 1.0000 0 4.125
2320 0.8393 0.2217 0.3679 0.0000 1.0000 0 3.625
2321 0.6125 0.3437 0.3161 0.0000 1.0000 2 4.250
2322 0.5571 0.3372 0.2929 0.0000 1.0000 6 3.875
2323 0.9143 0.1658 0.4250 0.2500 1.0000 0 3.625
2324 0.6464 0.3380 0.3071 0.0000 1.0000 0 4.125
2325 0.8089 0.2581 0.3661 0.0000 1.0000 0 4.375
2326 0.6196 0.3197 0.2839 0.0000 1.0000 2 4.000
2327 0.4179 0.3832 0.3429 0.0000 1.0000 2 4.375
2328 0.6259 0.3444 0.3205 0.0000 1.0000 0 3.500
2329 0.3089 0.3171 0.3196 0.0000 1.0000 1 3.750
2330 0.4089 0.3662 0.3268 0.0000 1.0000 2 4.125
2331 0.5696 0.3498 0.3089 0.0000 1.0000 1 3.875
2332 0.6875 0.3164 0.3125 0.0000 1.0000 2 3.500
2333 0.6411 0.3423 0.3161 0.0000 1.0000 0 4.125
2334 0.3893 0.3651 0.3357 0.0000 1.0000 2 4.000
2335 0.7357 0.2735 0.3036 0.0000 1.0000 2 4.000
2336 0.7839 0.2522 0.3304 0.0000 1.0000 0 4.250
2337 0.9125 0.1635 0.4232 0.2500 1.0000 0 3.625
2338 0.2366 0.2991 0.3545 0.0000 1.0000 2 4.250
2339 0.7839 0.2822 0.3518 0.0000 1.0000 0 3.625
2340 0.3866 0.3595 0.3277 0.0000 1.0000 2 4.625
2341 0.7714 0.2664 0.3357 0.0000 1.0000 1 4.125
2342 0.7339 0.2916 0.3232 0.0000 1.0000 0 3.375
2343 0.9286 0.1473 0.4286 0.5000 1.0000 0 3.250
2344 0.5375 0.3752 0.3304 0.0000 1.0000 1 3.500
2345 0.6018 0.3353 0.2946 0.0000 1.0000 2 4.625
2346 0.5232 0.3731 0.3196 0.0000 1.0000 0 4.000
2347 0.7768 0.2512 0.3268 0.0000 1.0000 0 5.000
2348 0.6857 0.3210 0.3250 0.0000 1.0000 2 3.875
2349 0.6982 0.3155 0.3232 0.0000 1.0000 0 5.000
2350 0.8536 0.2154 0.3750 0.0000 1.0000 0 3.875
2351 0.6813 0.3216 0.3152 0.0000 1.0000 0 3.875
2352 0.7125 0.3090 0.3268 0.0000 1.0000 0 3.375
2353 0.7045 0.3174 0.3348 0.0000 1.0000 1 3.125
2354 0.4911 0.3616 0.3125 0.0000 1.0000 0 3.250
2355 0.2000 0.2991 0.3929 0.0000 1.0000 2 3.250
2356 0.3196 0.3301 0.3268 0.0000 1.0000 3 4.125
2357 0.1821 0.2479 0.3607 0.0000 1.0000 0 4.000
2358 0.2911 0.3402 0.3554 0.0000 1.0000 2 4.000
2359 0.9232 0.1606 0.4339 0.2500 1.0000 0 3.375
2360 0.8375 0.2389 0.3839 0.0000 1.0000 0 3.750
2361 0.4357 0.3480 0.3036 0.0000 1.0000 1 3.625
2362 0.6071 0.3562 0.3214 0.0000 1.0000 1 3.625
2363 0.9571 0.1230 0.4571 0.5000 1.0000 0 4.250
2364 0.4946 0.3481 0.2964 0.0000 1.0000 2 3.375
2365 0.8464 0.2248 0.3786 0.0000 1.0000 0 3.875
2366 0.7446 0.2647 0.3161 0.0000 1.0000 0 4.250
2367 0.6571 0.3424 0.3357 0.0000 1.0000 2 2.875
2368 0.1554 0.2508 0.3982 0.0000 1.0000 0 3.500
2369 0.8125 0.2555 0.3661 0.0000 1.0000 0 3.500
2370 0.6571 0.3359 0.3214 0.0000 1.0000 0 3.125
2371 0.6571 0.3372 0.3250 0.0000 1.0000 1 4.000
2372 0.3589 0.3179 0.2911 0.0000 1.0000 2 3.750
2373 0.2982 0.3175 0.3304 0.0000 1.0000 2 5.375
2374 0.1357 0.2577 0.4250 0.0000 1.0000 0 5.125
2375 0.4268 0.3629 0.3232 0.0000 1.0000 5 3.250
2376 0.5339 0.3711 0.3196 0.0000 1.0000 0 4.375
2377 0.5911 0.3357 0.2946 0.0000 1.0000 2 3.750
2378 0.4437 0.3408 0.2884 0.0000 1.0000 2 4.000
2379 0.7625 0.2871 0.3411 0.0000 1.0000 0 3.750
2380 0.4161 0.3467 0.3089 0.0000 1.0000 2 4.000
2381 0.6580 0.3122 0.2830 0.0000 1.0000 0 4.000
2382 0.6634 0.3080 0.2938 0.0000 1.0000 1 3.750
2383 0.3500 0.3596 0.3429 0.0000 1.0000 0 3.125
2384 0.5268 0.3631 0.3196 0.0000 1.0000 1 3.000
2385 0.6009 0.3297 0.2884 0.0000 1.0000 4 3.875
2386 0.4893 0.3731 0.3286 0.0000 1.0000 0 4.625
2387 0.6536 0.3362 0.3286 0.0000 1.0000 0 4.375
2388 0.5214 0.3465 0.2929 0.0000 1.0000 2 3.875
2389 0.7679 0.2564 0.3179 0.0000 1.0000 0 4.125
2390 0.6777 0.3391 0.3420 0.0000 1.0000 0 3.625
2391 0.6518 0.3186 0.2982 0.0000 1.0000 0 4.500
2392 0.4018 0.3582 0.3232 0.0000 1.0000 2 3.625
2393 0.5652 0.3399 0.2884 0.0000 1.0000 0 4.250
2394 0.7125 0.2942 0.3054 0.0000 1.0000 0 4.250
2395 0.7616 0.2995 0.3616 0.0000 1.0000 0 4.500
2396 0.5839 0.3322 0.2911 0.0000 1.0000 1 4.125
2397 0.9268 0.1650 0.4411 0.0000 1.0000 0 3.750
2398 0.4982 0.3504 0.2982 0.0000 1.0000 2 4.250
2399 0.4339 0.3556 0.3125 0.0000 1.0000 2 3.500
2400 0.7804 0.2668 0.3429 0.0000 1.0000 0 3.375
2401 0.5732 0.3197 0.2661 0.0000 1.0000 0 4.125
2402 0.8080 0.2470 0.3527 0.2500 1.0000 0 4.500
2403 0.5330 0.3665 0.3152 0.0000 1.0000 1 3.875
2404 0.1304 0.2544 0.4196 0.0000 1.0000 0 3.750
2405 0.8054 0.2589 0.3625 0.0000 1.0000 0 4.000
2406 0.8571 0.2158 0.3857 0.0000 1.0000 0 3.375
2407 0.6527 0.3294 0.3027 0.0000 1.0000 0 3.375
2408 0.6554 0.3334 0.3161 0.0000 1.0000 0 4.000
2409 0.4768 0.3929 0.3482 0.0000 1.0000 0 3.875
2410 0.6366 0.3551 0.3366 0.0000 1.0000 0 3.625
2411 0.5911 0.3487 0.3089 0.0000 1.0000 0 3.750
2412 0.6625 0.3299 0.3196 0.0000 1.0000 0 4.125
2413 0.4643 0.3530 0.3000 0.0000 1.0000 2 4.000
2414 0.7321 0.2937 0.3286 0.0000 1.0000 0 4.375
2415 0.3884 0.3409 0.3027 0.0000 1.0000 6 4.125
2416 0.8196 0.2465 0.3625 0.0000 1.0000 0 4.125
2417 0.5875 0.3509 0.3054 0.0000 1.0000 0 4.000
2418 0.7188 0.3033 0.3295 0.0000 1.0000 0 4.750
2419 0.3214 0.3095 0.3036 0.0000 1.0000 2 4.500
2420 0.9071 0.1751 0.4214 0.2500 1.0000 0 4.250
2421 0.9384 0.1460 0.4455 0.2500 1.0000 0 4.250
2422 0.3786 0.3400 0.3107 0.0000 1.0000 2 4.125
2423 0.4188 0.3532 0.3116 0.0000 1.0000 0 3.500
2424 0.5357 0.3414 0.2893 0.0000 1.0000 2 3.750
2425 0.1893 0.2785 0.3786 0.0000 1.0000 2 4.250
2426 0.6107 0.3424 0.3179 0.0000 1.0000 2 3.875
2427 0.4777 0.3492 0.2938 0.0000 1.0000 0 3.875
2428 0.6750 0.3283 0.3214 0.0000 1.0000 1 5.125
2429 0.8304 0.2487 0.3768 0.0000 1.0000 0 4.750
2430 0.4268 0.3617 0.3196 0.0000 1.0000 3 3.500
2431 0.6304 0.3197 0.2911 0.0000 1.0000 1 4.500
2432 0.7714 0.2965 0.3643 0.0000 1.0000 0 3.750
2433 0.2179 0.3060 0.3750 0.0000 1.0000 0 3.125
2434 0.5143 0.3774 0.3268 0.0000 1.0000 4 3.500
2435 0.6536 0.3295 0.3179 0.0000 1.0000 0 3.375
2436 0.6071 0.3343 0.2929 0.0000 1.0000 2 3.750
2437 0.5946 0.3211 0.2768 0.0000 1.0000 2 3.375
2438 0.5143 0.3669 0.3143 0.0000 1.0000 2 3.250
2439 0.8054 0.2501 0.3518 0.0000 1.0000 0 3.000
2440 0.4875 0.3540 0.2982 0.0000 1.0000 2 4.000
2441 0.8179 0.2461 0.3643 0.0000 1.0000 0 4.375
2442 0.3312 0.3310 0.3223 0.0000 1.0000 6 4.250
2443 0.6152 0.3533 0.3241 0.0000 1.0000 0 3.125
2444 0.3161 0.3265 0.3232 0.0000 1.0000 2 3.250
2445 0.7223 0.3318 0.3527 0.0000 1.0000 0 3.125
2446 0.3955 0.3438 0.3098 0.0000 1.0000 2 3.500
2447 0.4054 0.3513 0.3161 0.0000 1.0000 5 3.000
2448 0.7196 0.3025 0.3268 0.0000 1.0000 1 4.375
2449 0.3250 0.3494 0.3464 0.0000 1.0000 2 3.250
2450 0.5509 0.3310 0.2723 0.0000 1.0000 0 3.750
2451 0.5411 0.3531 0.2982 0.0000 1.0000 0 4.625
2452 0.6723 0.3299 0.3241 0.0000 1.0000 0 3.750
2453 0.5000 0.3611 0.3107 0.0000 1.0000 0 4.750
2454 0.0982 0.2169 0.4375 0.0000 1.0000 2 3.625
2455 0.6098 0.3329 0.2991 0.0000 1.0000 1 4.250
2456 0.6429 0.3275 0.3036 0.0000 1.0000 1 4.000
2457 0.6714 0.3382 0.3357 0.0000 1.0000 0 3.750
2458 0.5107 0.3584 0.3036 0.0000 1.0000 4 3.625
2459 0.4339 0.3643 0.3196 0.0000 1.0000 2 3.625
2460 0.7893 0.2694 0.3464 0.0000 1.0000 1 3.625
2461 0.2143 0.2936 0.3786 0.0000 1.0000 2 4.125
2462 0.4946 0.3616 0.3125 0.0000 1.0000 1 4.500
2463 0.6214 0.3183 0.2857 0.0000 1.0000 2 4.125
2464 0.5375 0.3326 0.2768 0.0000 1.0000 1 4.125
2465 0.8500 0.2442 0.4000 0.0000 1.0000 0 4.375
2466 0.7429 0.2881 0.3321 0.0000 1.0000 1 4.000
2467 0.8134 0.2484 0.3616 0.0000 1.0000 0 4.625
2468 0.7946 0.2644 0.3446 0.0000 1.0000 0 3.750
2469 0.7089 0.3042 0.3196 0.0000 1.0000 0 4.000
2470 0.6714 0.3192 0.3107 0.0000 1.0000 2 2.875
2471 0.5205 0.3349 0.2777 0.0000 1.0000 0 4.125
2472 0.5946 0.3452 0.3089 0.0000 1.0000 1 3.625
2473 0.0821 0.1992 0.4464 0.0000 1.0000 0 5.375
2474 0.7143 0.2967 0.3107 0.0000 1.0000 0 4.125
2475 0.3929 0.3409 0.3036 0.0000 1.0000 1 3.875
2476 0.7705 0.2821 0.3509 0.0000 1.0000 0 3.500
2477 0.3366 0.3357 0.3277 0.0000 1.0000 0 3.500
2478 0.5375 0.3509 0.3018 0.0000 1.0000 0 3.875
2479 0.1786 0.2627 0.3821 0.0000 1.0000 0 3.000
2480 0.5455 0.3546 0.2973 0.0000 1.0000 1 3.750
2481 0.4804 0.3382 0.2911 0.0000 1.0000 2 4.500
2482 0.5661 0.3389 0.3018 0.0000 1.0000 2 4.125
2483 0.6518 0.3158 0.2982 0.0000 1.0000 1 2.875
2484 0.6009 0.3668 0.3348 0.0000 1.0000 1 4.125
2485 0.5500 0.3500 0.3000 0.0000 1.0000 0 5.125
2486 0.8429 0.2321 0.3750 0.0000 1.0000 0 4.125
2487 0.6223 0.3332 0.2991 0.0000 1.0000 0 3.750
2488 0.5929 0.3305 0.2821 0.0000 1.0000 1 3.500
2489 0.1580 0.2590 0.3955 0.0000 1.0000 1 3.250
2490 0.4161 0.3518 0.3054 0.0000 1.0000 0 4.375
2491 0.7464 0.2866 0.3321 0.0000 1.0000 0 3.125
2492 0.6750 0.3377 0.3250 0.0000 1.0000 1 4.125
2493 0.1554 0.2842 0.4196 0.0000 1.0000 0 5.000
2494 0.4509 0.3634 0.3098 0.0000 1.0000 1 3.625
2495 0.5929 0.3489 0.3071 0.0000 1.0000 0 3.500
2496 0.6089 0.3370 0.3018 0.0000 1.0000 0 3.500
2497 0.7196 0.2544 0.2732 0.0000 1.0000 1 3.625
2498 0.6839 0.3322 0.3339 0.0000 1.0000 0 3.875
2499 0.5250 0.3437 0.2857 0.0000 1.0000 1 4.625
2500 0.1857 0.2700 0.3804 0.0000 1.0000 1 2.375
2501 0.4000 0.3394 0.2946 0.0000 1.0000 3 3.500
2502 0.7232 0.2830 0.3054 0.0000 1.0000 2 3.500
2503 0.3402 0.3287 0.3223 0.0000 1.0000 5 3.500
2504 0.8304 0.2395 0.3732 0.0000 1.0000 1 3.375
2505 0.5054 0.3426 0.2946 0.0000 1.0000 2 3.750
2506 0.4643 0.3505 0.3000 0.0000 1.0000 0 4.375
2507 0.5875 0.3189 0.2625 0.0000 1.0000 0 4.500
2508 0.6411 0.3290 0.2982 0.0000 1.0000 0 4.000
2509 0.4554 0.3577 0.3089 0.0000 1.0000 2 4.125
2510 0.7089 0.2922 0.3054 0.0000 1.0000 0 4.000
2511 0.4232 0.3509 0.3125 0.0000 1.0000 2 3.875
2512 0.3857 0.3664 0.3357 0.0000 1.0000 2 3.250
2513 0.2125 0.3002 0.3768 0.0000 1.0000 1 3.000
2514 0.6357 0.3182 0.2857 0.0000 1.0000 1 3.375
2515 0.6929 0.3223 0.3214 0.0000 1.0000 0 4.750
2516 0.6089 0.3207 0.2875 0.0000 1.0000 0 3.500
2517 0.8143 0.2434 0.3571 0.2500 1.0000 0 3.250
2518 0.4411 0.3505 0.3089 0.0000 1.0000 2 4.000
2519 0.9125 0.1791 0.4196 0.2500 1.0000 0 3.875
2520 0.3634 0.3194 0.3027 0.0000 1.0000 0 3.875
2521 0.5375 0.3419 0.2875 0.0000 1.0000 1 3.375
2522 0.5241 0.3413 0.2991 0.0000 1.0000 3 4.375
2523 0.8857 0.2100 0.4143 0.0000 1.0000 0 3.625
2524 0.1500 0.2567 0.4036 0.0000 1.0000 5 4.375
2525 0.2741 0.3314 0.3616 0.0000 1.0000 2 3.500
2526 0.7464 0.3119 0.3500 0.0000 1.0000 0 4.750
2527 0.5196 0.3536 0.3018 0.0000 1.0000 1 4.500
2528 0.6571 0.2978 0.2786 0.0000 1.0000 2 4.250
2529 0.4018 0.3390 0.3054 0.0000 1.0000 1 3.500
2530 0.5179 0.3606 0.3107 0.0000 1.0000 0 3.250
2531 0.4714 0.3447 0.2857 0.0000 1.0000 1 4.000
2532 0.6232 0.3347 0.3089 0.0000 1.0000 1 3.750
2533 0.3357 0.3351 0.3179 0.0000 1.0000 2 3.125
2534 0.5732 0.3702 0.3304 0.0000 1.0000 2 3.625
2535 0.4813 0.3390 0.2866 0.0000 1.0000 2 3.000
2536 0.3786 0.3347 0.3036 0.0000 1.0000 2 3.750
2537 0.9473 0.1509 0.4616 0.0000 1.0000 0 4.000
2538 0.5143 0.3645 0.3071 0.0000 1.0000 1 4.125
2539 0.4964 0.3561 0.2929 0.0000 1.0000 0 4.750
2540 0.6911 0.3309 0.3375 0.0000 1.0000 0 3.500
2541 0.7375 0.3037 0.3411 0.0000 1.0000 1 3.750
2542 0.8411 0.2220 0.3661 0.0000 1.0000 0 4.250
2543 0.6196 0.3413 0.3125 0.0000 1.0000 0 4.000
2544 0.7071 0.3002 0.3143 0.0000 1.0000 0 4.000
2545 0.7688 0.2783 0.3312 0.0000 1.0000 0 4.250
2546 0.1616 0.2753 0.4027 0.0000 1.0000 3 3.500
2547 0.6714 0.3107 0.3107 0.0000 1.0000 2 3.750
2548 0.5268 0.3442 0.2946 0.0000 1.0000 0 4.125
2549 0.0696 0.1666 0.4482 0.0000 1.0000 0 4.750
2550 0.6134 0.3263 0.2973 0.0000 1.0000 2 4.375
2551 0.2946 0.3384 0.3482 0.0000 1.0000 5 3.375
